[github.com/flipped-aurora/gin-vue-admin/server]2026-08-20 12:17:52.267	[31merror[0m	C:/Users/18089/Desktop/MSTN/msrc-admin/server/middleware/hrc/member_jwt.go:95	member jwt parse failed	{"node": "", "app_id": "", "env": "", "error": "token signature is invalid: signature is invalid"}
github.com/flipped-aurora/gin-vue-admin/server/middleware/hrc.(*MemberJWT).ParseToken
	C:/Users/18089/Desktop/MSTN/msrc-admin/server/middleware/hrc/member_jwt.go:95
github.com/flipped-aurora/gin-vue-admin/server/router/hrc.(*ProfileRouter).InitProfileRouter.MemberAuth.func3
	C:/Users/18089/Desktop/MSTN/msrc-admin/server/middleware/hrc/member_jwt.go:117
github.com/gin-gonic/gin.(*Context).Next
	C:/Users/18089/go/pkg/mod/github.com/gin-gonic/gin@v1.10.0/context.go:185
github.com/flipped-aurora/gin-vue-admin/server/middleware.UploadResponseHeaders.func1
	C:/Users/18089/Desktop/MSTN/msrc-admin/server/middleware/upload_security.go:25
github.com/gin-gonic/gin.(*Context).Next
	C:/Users/18089/go/pkg/mod/github.com/gin-gonic/gin@v1.10.0/context.go:185
github.com/gin-gonic/gin.LoggerWithConfig.func1
	C:/Users/18089/go/pkg/mod/github.com/gin-gonic/gin@v1.10.0/logger.go:249
github.com/gin-gonic/gin.(*Context).Next
	C:/Users/18089/go/pkg/mod/github.com/gin-gonic/gin@v1.10.0/context.go:185
github.com/flipped-aurora/gin-vue-admin/server/initialize.Routers.AccessLog.func4
	C:/Users/18089/Desktop/MSTN/msrc-admin/server/middleware/access_log.go:73
github.com/gin-gonic/gin.(*Context).Next
	C:/Users/18089/go/pkg/mod/github.com/gin-gonic/gin@v1.10.0/context.go:185
github.com/flipped-aurora/gin-vue-admin/server/initialize.Routers.GinRecovery.func3
	C:/Users/18089/Desktop/MSTN/msrc-admin/server/middleware/error.go:56
github.com/gin-gonic/gin.(*Context).Next
	C:/Users/18089/go/pkg/mod/github.com/gin-gonic/gin@v1.10.0/context.go:185
github.com/flipped-aurora/gin-vue-admin/server/initialize.Routers.RequestMeta.func2
	C:/Users/18089/Desktop/MSTN/msrc-admin/server/middleware/request_meta.go:39
github.com/gin-gonic/gin.(*Context).Next
	C:/Users/18089/go/pkg/mod/github.com/gin-gonic/gin@v1.10.0/context.go:185
github.com/gin-gonic/gin.(*Engine).handleHTTPRequest
	C:/Users/18089/go/pkg/mod/github.com/gin-gonic/gin@v1.10.0/gin.go:633
github.com/gin-gonic/gin.(*Engine).ServeHTTP
	C:/Users/18089/go/pkg/mod/github.com/gin-gonic/gin@v1.10.0/gin.go:589
net/http.serverHandler.ServeHTTP
	C:/Program Files/Go/src/net/http/server.go:3340
net/http.(*conn).serve
	C:/Program Files/Go/src/net/http/server.go:2109
[github.com/flipped-aurora/gin-vue-admin/server]2026-08-20 12:52:54.669	[31merror[0m	C:/Users/18089/Desktop/MSTN/msrc-admin/server/middleware/hrc/member_jwt.go:95	member jwt parse failed	{"node": "", "app_id": "", "env": "", "error": "token signature is invalid: signature is invalid"}
github.com/flipped-aurora/gin-vue-admin/server/middleware/hrc.(*MemberJWT).ParseToken
	C:/Users/18089/Desktop/MSTN/msrc-admin/server/middleware/hrc/member_jwt.go:95
github.com/flipped-aurora/gin-vue-admin/server/router/hrc.(*ProfileRouter).InitProfileRouter.MemberAuth.func3
	C:/Users/18089/Desktop/MSTN/msrc-admin/server/middleware/hrc/member_jwt.go:117
github.com/gin-gonic/gin.(*Context).Next
	C:/Users/18089/go/pkg/mod/github.com/gin-gonic/gin@v1.10.0/context.go:185
github.com/flipped-aurora/gin-vue-admin/server/middleware.UploadResponseHeaders.func1
	C:/Users/18089/Desktop/MSTN/msrc-admin/server/middleware/upload_security.go:25
github.com/gin-gonic/gin.(*Context).Next
	C:/Users/18089/go/pkg/mod/github.com/gin-gonic/gin@v1.10.0/context.go:185
github.com/gin-gonic/gin.LoggerWithConfig.func1
	C:/Users/18089/go/pkg/mod/github.com/gin-gonic/gin@v1.10.0/logger.go:249
github.com/gin-gonic/gin.(*Context).Next
	C:/Users/18089/go/pkg/mod/github.com/gin-gonic/gin@v1.10.0/context.go:185
github.com/flipped-aurora/gin-vue-admin/server/initialize.Routers.AccessLog.func4
	C:/Users/18089/Desktop/MSTN/msrc-admin/server/middleware/access_log.go:73
github.com/gin-gonic/gin.(*Context).Next
	C:/Users/18089/go/pkg/mod/github.com/gin-gonic/gin@v1.10.0/context.go:185
github.com/flipped-aurora/gin-vue-admin/server/initialize.Routers.GinRecovery.func3
	C:/Users/18089/Desktop/MSTN/msrc-admin/server/middleware/error.go:56
github.com/gin-gonic/gin.(*Context).Next
	C:/Users/18089/go/pkg/mod/github.com/gin-gonic/gin@v1.10.0/context.go:185
github.com/flipped-aurora/gin-vue-admin/server/initialize.Routers.RequestMeta.func2
	C:/Users/18089/Desktop/MSTN/msrc-admin/server/middleware/request_meta.go:39
github.com/gin-gonic/gin.(*Context).Next
	C:/Users/18089/go/pkg/mod/github.com/gin-gonic/gin@v1.10.0/context.go:185
github.com/gin-gonic/gin.(*Engine).handleHTTPRequest
	C:/Users/18089/go/pkg/mod/github.com/gin-gonic/gin@v1.10.0/gin.go:633
github.com/gin-gonic/gin.(*Engine).ServeHTTP
	C:/Users/18089/go/pkg/mod/github.com/gin-gonic/gin@v1.10.0/gin.go:589
net/http.serverHandler.ServeHTTP
	C:/Program Files/Go/src/net/http/server.go:3340
net/http.(*conn).serve
	C:/Program Files/Go/src/net/http/server.go:2109
[github.com/flipped-aurora/gin-vue-admin/server]2026-08-20 14:01:41.643	[31merror[0m	C:/Users/18089/Desktop/MSTN/msrc-admin/server/middleware/hrc/member_jwt.go:95	member jwt parse failed	{"node": "", "app_id": "", "env": "", "error": "token signature is invalid: signature is invalid"}
github.com/flipped-aurora/gin-vue-admin/server/middleware/hrc.(*MemberJWT).ParseToken
	C:/Users/18089/Desktop/MSTN/msrc-admin/server/middleware/hrc/member_jwt.go:95
github.com/flipped-aurora/gin-vue-admin/server/router/hrc.(*ResumeRouter).InitResumeRouter.MemberAuth.func1
	C:/Users/18089/Desktop/MSTN/msrc-admin/server/middleware/hrc/member_jwt.go:117
github.com/gin-gonic/gin.(*Context).Next
	C:/Users/18089/go/pkg/mod/github.com/gin-gonic/gin@v1.10.0/context.go:185
github.com/flipped-aurora/gin-vue-admin/server/middleware.UploadResponseHeaders.func1
	C:/Users/18089/Desktop/MSTN/msrc-admin/server/middleware/upload_security.go:25
github.com/gin-gonic/gin.(*Context).Next
	C:/Users/18089/go/pkg/mod/github.com/gin-gonic/gin@v1.10.0/context.go:185
github.com/gin-gonic/gin.LoggerWithConfig.func1
	C:/Users/18089/go/pkg/mod/github.com/gin-gonic/gin@v1.10.0/logger.go:249
github.com/gin-gonic/gin.(*Context).Next
	C:/Users/18089/go/pkg/mod/github.com/gin-gonic/gin@v1.10.0/context.go:185
github.com/flipped-aurora/gin-vue-admin/server/initialize.Routers.AccessLog.func4
	C:/Users/18089/Desktop/MSTN/msrc-admin/server/middleware/access_log.go:73
github.com/gin-gonic/gin.(*Context).Next
	C:/Users/18089/go/pkg/mod/github.com/gin-gonic/gin@v1.10.0/context.go:185
github.com/flipped-aurora/gin-vue-admin/server/initialize.Routers.GinRecovery.func3
	C:/Users/18089/Desktop/MSTN/msrc-admin/server/middleware/error.go:56
github.com/gin-gonic/gin.(*Context).Next
	C:/Users/18089/go/pkg/mod/github.com/gin-gonic/gin@v1.10.0/context.go:185
github.com/flipped-aurora/gin-vue-admin/server/initialize.Routers.RequestMeta.func2
	C:/Users/18089/Desktop/MSTN/msrc-admin/server/middleware/request_meta.go:39
github.com/gin-gonic/gin.(*Context).Next
	C:/Users/18089/go/pkg/mod/github.com/gin-gonic/gin@v1.10.0/context.go:185
github.com/gin-gonic/gin.(*Engine).handleHTTPRequest
	C:/Users/18089/go/pkg/mod/github.com/gin-gonic/gin@v1.10.0/gin.go:633
github.com/gin-gonic/gin.(*Engine).ServeHTTP
	C:/Users/18089/go/pkg/mod/github.com/gin-gonic/gin@v1.10.0/gin.go:589
net/http.serverHandler.ServeHTTP
	C:/Program Files/Go/src/net/http/server.go:3340
net/http.(*conn).serve
	C:/Program Files/Go/src/net/http/server.go:2109
[github.com/flipped-aurora/gin-vue-admin/server]2026-08-20 14:04:03.735	[31merror[0m	C:/Users/18089/Desktop/MSTN/msrc-admin/server/middleware/hrc/member_jwt.go:95	member jwt parse failed	{"node": "", "app_id": "", "env": "", "error": "token signature is invalid: signature is invalid"}
github.com/flipped-aurora/gin-vue-admin/server/middleware/hrc.(*MemberJWT).ParseToken
	C:/Users/18089/Desktop/MSTN/msrc-admin/server/middleware/hrc/member_jwt.go:95
github.com/flipped-aurora/gin-vue-admin/server/router/hrc.(*ResumeRouter).InitResumeRouter.MemberAuth.func1
	C:/Users/18089/Desktop/MSTN/msrc-admin/server/middleware/hrc/member_jwt.go:117
github.com/gin-gonic/gin.(*Context).Next
	C:/Users/18089/go/pkg/mod/github.com/gin-gonic/gin@v1.10.0/context.go:185
github.com/flipped-aurora/gin-vue-admin/server/middleware.UploadResponseHeaders.func1
	C:/Users/18089/Desktop/MSTN/msrc-admin/server/middleware/upload_security.go:25
github.com/gin-gonic/gin.(*Context).Next
	C:/Users/18089/go/pkg/mod/github.com/gin-gonic/gin@v1.10.0/context.go:185
github.com/gin-gonic/gin.LoggerWithConfig.func1
	C:/Users/18089/go/pkg/mod/github.com/gin-gonic/gin@v1.10.0/logger.go:249
github.com/gin-gonic/gin.(*Context).Next
	C:/Users/18089/go/pkg/mod/github.com/gin-gonic/gin@v1.10.0/context.go:185
github.com/flipped-aurora/gin-vue-admin/server/initialize.Routers.AccessLog.func4
	C:/Users/18089/Desktop/MSTN/msrc-admin/server/middleware/access_log.go:73
github.com/gin-gonic/gin.(*Context).Next
	C:/Users/18089/go/pkg/mod/github.com/gin-gonic/gin@v1.10.0/context.go:185
github.com/flipped-aurora/gin-vue-admin/server/initialize.Routers.GinRecovery.func3
	C:/Users/18089/Desktop/MSTN/msrc-admin/server/middleware/error.go:56
github.com/gin-gonic/gin.(*Context).Next
	C:/Users/18089/go/pkg/mod/github.com/gin-gonic/gin@v1.10.0/context.go:185
github.com/flipped-aurora/gin-vue-admin/server/initialize.Routers.RequestMeta.func2
	C:/Users/18089/Desktop/MSTN/msrc-admin/server/middleware/request_meta.go:39
github.com/gin-gonic/gin.(*Context).Next
	C:/Users/18089/go/pkg/mod/github.com/gin-gonic/gin@v1.10.0/context.go:185
github.com/gin-gonic/gin.(*Engine).handleHTTPRequest
	C:/Users/18089/go/pkg/mod/github.com/gin-gonic/gin@v1.10.0/gin.go:633
github.com/gin-gonic/gin.(*Engine).ServeHTTP
	C:/Users/18089/go/pkg/mod/github.com/gin-gonic/gin@v1.10.0/gin.go:589
net/http.serverHandler.ServeHTTP
	C:/Program Files/Go/src/net/http/server.go:3340
net/http.(*conn).serve
	C:/Program Files/Go/src/net/http/server.go:2109
[github.com/flipped-aurora/gin-vue-admin/server]2026-08-20 14:06:02.876	[31merror[0m	C:/Users/18089/Desktop/MSTN/msrc-admin/server/middleware/hrc/member_jwt.go:95	member jwt parse failed	{"node": "", "app_id": "", "env": "", "error": "token signature is invalid: signature is invalid"}
github.com/flipped-aurora/gin-vue-admin/server/middleware/hrc.(*MemberJWT).ParseToken
	C:/Users/18089/Desktop/MSTN/msrc-admin/server/middleware/hrc/member_jwt.go:95
github.com/flipped-aurora/gin-vue-admin/server/router/hrc.(*ResumeRouter).InitResumeRouter.MemberAuth.func1
	C:/Users/18089/Desktop/MSTN/msrc-admin/server/middleware/hrc/member_jwt.go:117
github.com/gin-gonic/gin.(*Context).Next
	C:/Users/18089/go/pkg/mod/github.com/gin-gonic/gin@v1.10.0/context.go:185
github.com/flipped-aurora/gin-vue-admin/server/middleware.UploadResponseHeaders.func1
	C:/Users/18089/Desktop/MSTN/msrc-admin/server/middleware/upload_security.go:25
github.com/gin-gonic/gin.(*Context).Next
	C:/Users/18089/go/pkg/mod/github.com/gin-gonic/gin@v1.10.0/context.go:185
github.com/gin-gonic/gin.LoggerWithConfig.func1
	C:/Users/18089/go/pkg/mod/github.com/gin-gonic/gin@v1.10.0/logger.go:249
github.com/gin-gonic/gin.(*Context).Next
	C:/Users/18089/go/pkg/mod/github.com/gin-gonic/gin@v1.10.0/context.go:185
github.com/flipped-aurora/gin-vue-admin/server/initialize.Routers.AccessLog.func4
	C:/Users/18089/Desktop/MSTN/msrc-admin/server/middleware/access_log.go:73
github.com/gin-gonic/gin.(*Context).Next
	C:/Users/18089/go/pkg/mod/github.com/gin-gonic/gin@v1.10.0/context.go:185
github.com/flipped-aurora/gin-vue-admin/server/initialize.Routers.GinRecovery.func3
	C:/Users/18089/Desktop/MSTN/msrc-admin/server/middleware/error.go:56
github.com/gin-gonic/gin.(*Context).Next
	C:/Users/18089/go/pkg/mod/github.com/gin-gonic/gin@v1.10.0/context.go:185
github.com/flipped-aurora/gin-vue-admin/server/initialize.Routers.RequestMeta.func2
	C:/Users/18089/Desktop/MSTN/msrc-admin/server/middleware/request_meta.go:39
github.com/gin-gonic/gin.(*Context).Next
	C:/Users/18089/go/pkg/mod/github.com/gin-gonic/gin@v1.10.0/context.go:185
github.com/gin-gonic/gin.(*Engine).handleHTTPRequest
	C:/Users/18089/go/pkg/mod/github.com/gin-gonic/gin@v1.10.0/gin.go:633
github.com/gin-gonic/gin.(*Engine).ServeHTTP
	C:/Users/18089/go/pkg/mod/github.com/gin-gonic/gin@v1.10.0/gin.go:589
net/http.serverHandler.ServeHTTP
	C:/Program Files/Go/src/net/http/server.go:3340
net/http.(*conn).serve
	C:/Program Files/Go/src/net/http/server.go:2109
[github.com/flipped-aurora/gin-vue-admin/server]2026-08-20 14:06:02.891	[31merror[0m	C:/Users/18089/Desktop/MSTN/msrc-admin/server/middleware/hrc/member_jwt.go:95	member jwt parse failed	{"node": "", "app_id": "", "env": "", "error": "token signature is invalid: signature is invalid"}
github.com/flipped-aurora/gin-vue-admin/server/middleware/hrc.(*MemberJWT).ParseToken
	C:/Users/18089/Desktop/MSTN/msrc-admin/server/middleware/hrc/member_jwt.go:95
github.com/flipped-aurora/gin-vue-admin/server/router/hrc.(*ResumeRouter).InitResumeRouter.MemberAuth.func1
	C:/Users/18089/Desktop/MSTN/msrc-admin/server/middleware/hrc/member_jwt.go:117
github.com/gin-gonic/gin.(*Context).Next
	C:/Users/18089/go/pkg/mod/github.com/gin-gonic/gin@v1.10.0/context.go:185
github.com/flipped-aurora/gin-vue-admin/server/middleware.UploadResponseHeaders.func1
	C:/Users/18089/Desktop/MSTN/msrc-admin/server/middleware/upload_security.go:25
github.com/gin-gonic/gin.(*Context).Next
	C:/Users/18089/go/pkg/mod/github.com/gin-gonic/gin@v1.10.0/context.go:185
github.com/gin-gonic/gin.LoggerWithConfig.func1
	C:/Users/18089/go/pkg/mod/github.com/gin-gonic/gin@v1.10.0/logger.go:249
github.com/gin-gonic/gin.(*Context).Next
	C:/Users/18089/go/pkg/mod/github.com/gin-gonic/gin@v1.10.0/context.go:185
github.com/flipped-aurora/gin-vue-admin/server/initialize.Routers.AccessLog.func4
	C:/Users/18089/Desktop/MSTN/msrc-admin/server/middleware/access_log.go:73
github.com/gin-gonic/gin.(*Context).Next
	C:/Users/18089/go/pkg/mod/github.com/gin-gonic/gin@v1.10.0/context.go:185
github.com/flipped-aurora/gin-vue-admin/server/initialize.Routers.GinRecovery.func3
	C:/Users/18089/Desktop/MSTN/msrc-admin/server/middleware/error.go:56
github.com/gin-gonic/gin.(*Context).Next
	C:/Users/18089/go/pkg/mod/github.com/gin-gonic/gin@v1.10.0/context.go:185
github.com/flipped-aurora/gin-vue-admin/server/initialize.Routers.RequestMeta.func2
	C:/Users/18089/Desktop/MSTN/msrc-admin/server/middleware/request_meta.go:39
github.com/gin-gonic/gin.(*Context).Next
	C:/Users/18089/go/pkg/mod/github.com/gin-gonic/gin@v1.10.0/context.go:185
github.com/gin-gonic/gin.(*Engine).handleHTTPRequest
	C:/Users/18089/go/pkg/mod/github.com/gin-gonic/gin@v1.10.0/gin.go:633
github.com/gin-gonic/gin.(*Engine).ServeHTTP
	C:/Users/18089/go/pkg/mod/github.com/gin-gonic/gin@v1.10.0/gin.go:589
net/http.serverHandler.ServeHTTP
	C:/Program Files/Go/src/net/http/server.go:3340
net/http.(*conn).serve
	C:/Program Files/Go/src/net/http/server.go:2109
[github.com/flipped-aurora/gin-vue-admin/server]2026-08-20 14:07:56.452	[31merror[0m	C:/Users/18089/Desktop/MSTN/msrc-admin/server/middleware/hrc/member_jwt.go:95	member jwt parse failed	{"node": "", "app_id": "", "env": "", "error": "token signature is invalid: signature is invalid"}
github.com/flipped-aurora/gin-vue-admin/server/middleware/hrc.(*MemberJWT).ParseToken
	C:/Users/18089/Desktop/MSTN/msrc-admin/server/middleware/hrc/member_jwt.go:95
github.com/flipped-aurora/gin-vue-admin/server/router/hrc.(*ResumeRouter).InitResumeRouter.MemberAuth.func1
	C:/Users/18089/Desktop/MSTN/msrc-admin/server/middleware/hrc/member_jwt.go:117
github.com/gin-gonic/gin.(*Context).Next
	C:/Users/18089/go/pkg/mod/github.com/gin-gonic/gin@v1.10.0/context.go:185
github.com/flipped-aurora/gin-vue-admin/server/middleware.UploadResponseHeaders.func1
	C:/Users/18089/Desktop/MSTN/msrc-admin/server/middleware/upload_security.go:25
github.com/gin-gonic/gin.(*Context).Next
	C:/Users/18089/go/pkg/mod/github.com/gin-gonic/gin@v1.10.0/context.go:185
github.com/gin-gonic/gin.LoggerWithConfig.func1
	C:/Users/18089/go/pkg/mod/github.com/gin-gonic/gin@v1.10.0/logger.go:249
github.com/gin-gonic/gin.(*Context).Next
	C:/Users/18089/go/pkg/mod/github.com/gin-gonic/gin@v1.10.0/context.go:185
github.com/flipped-aurora/gin-vue-admin/server/initialize.Routers.AccessLog.func4
	C:/Users/18089/Desktop/MSTN/msrc-admin/server/middleware/access_log.go:73
github.com/gin-gonic/gin.(*Context).Next
	C:/Users/18089/go/pkg/mod/github.com/gin-gonic/gin@v1.10.0/context.go:185
github.com/flipped-aurora/gin-vue-admin/server/initialize.Routers.GinRecovery.func3
	C:/Users/18089/Desktop/MSTN/msrc-admin/server/middleware/error.go:56
github.com/gin-gonic/gin.(*Context).Next
	C:/Users/18089/go/pkg/mod/github.com/gin-gonic/gin@v1.10.0/context.go:185
github.com/flipped-aurora/gin-vue-admin/server/initialize.Routers.RequestMeta.func2
	C:/Users/18089/Desktop/MSTN/msrc-admin/server/middleware/request_meta.go:39
github.com/gin-gonic/gin.(*Context).Next
	C:/Users/18089/go/pkg/mod/github.com/gin-gonic/gin@v1.10.0/context.go:185
github.com/gin-gonic/gin.(*Engine).handleHTTPRequest
	C:/Users/18089/go/pkg/mod/github.com/gin-gonic/gin@v1.10.0/gin.go:633
github.com/gin-gonic/gin.(*Engine).ServeHTTP
	C:/Users/18089/go/pkg/mod/github.com/gin-gonic/gin@v1.10.0/gin.go:589
net/http.serverHandler.ServeHTTP
	C:/Program Files/Go/src/net/http/server.go:3340
net/http.(*conn).serve
	C:/Program Files/Go/src/net/http/server.go:2109
[github.com/flipped-aurora/gin-vue-admin/server]2026-08-20 14:12:05.602	[31merror[0m	C:/Users/18089/Desktop/MSTN/msrc-admin/server/initialize/internal/gorm_logger_writer.go:54	SQL 执行错误	{"node": "", "app_id": "", "env": "", "sql": "DELETE FROM `ms_resume_language` WHERE pid = 7", "rows": 0, "elapsed_ms": 0, "mod": "sql", "request_id": "7078d353-2f5e-4b50-bfdf-8b14151c1e99", "trace_id": "81711e63f14ffbd990e91a5ec52994f8", "device_id": "", "client_ip": "127.0.0.1", "http_method": "PUT", "http_path": "/api/v1/personal/resumes/7", "span_id": "569487d7b84199bc", "error_msg": "context canceled", "error_stack": "github.com/flipped-aurora/gin-vue-admin/server/utils/logger.(*Builder).assemble\n\tC:/Users/18089/Desktop/MSTN/msrc-admin/server/utils/logger/builder.go:64\ngithub.com/flipped-aurora/gin-vue-admin/server/utils/logger.(*Builder).log\n\tC:/Users/18089/Desktop/MSTN/msrc-admin/server/utils/logger/builder.go:75\ngithub.com/flipped-aurora/gin-vue-admin/server/utils/logger.(*Builder).Error\n\tC:/Users/18089/Desktop/MSTN/msrc-admin/server/utils/logger/builder.go:81\ngithub.com/flipped-aurora/gin-vue-admin/server/initialize/internal.(*GormLogger).Trace\n\tC:/Users/18089/Desktop/MSTN/msrc-admin/server/initialize/internal/gorm_logger_writer.go:54\ngorm.io/gorm.(*processor).Execute\n\tC:/Users/18089/go/pkg/mod/gorm.io/gorm@v1.31.1/callbacks.go:140\ngorm.io/gorm.(*DB).Delete\n\tC:/Users/18089/go/pkg/mod/gorm.io/gorm@v1.31.1/finisher_api.go:441\ngithub.com/flipped-aurora/gin-vue-admin/server/service/hrc.(*ResumeService).replaceSubTables\n\tC:/Users/18089/Desktop/MSTN/msrc-admin/server/service/hrc/resume_service.go:306\ngithub.com/flipped-aurora/gin-vue-admin/server/service/hrc.(*ResumeService).UpdateResume.func1\n\tC:/Users/18089/Desktop/MSTN/msrc-admin/server/service/hrc/resume_service.go:123\ngorm.io/gorm.(*DB).Transaction\n\tC:/Users/18089/go/pkg/mod/gorm.io/gorm@v1.31.1/finisher_api.go:654\ngithub.com/flipped-aurora/gin-vue-admin/server/service/hrc.(*ResumeService).UpdateResume\n\tC:/Users/18089/Desktop/MSTN/msrc-admin/server/service/hrc/resume_service.go:88\ngithub.com/flipped-aurora/gin-vue-admin/server/api/v1/hrc.(*ResumeApi).UpdateResume\n\tC:/Users/18089/Desktop/MSTN/msrc-admin/server/api/v1/hrc/personal_resume.go:122\ngithub.com/gin-gonic/gin.(*Context).Next\n\tC:/Users/18089/go/pkg/mod/github.com/gin-gonic/gin@v1.10.0/context.go:185\ngithub.com/flipped-aurora/gin-vue-admin/server/router/hrc.(*ResumeRouter).InitResumeRouter.UtypeAuth.func2\n\tC:/Users/18089/Desktop/MSTN/msrc-admin/server/middleware/hrc/member_jwt.go:162\ngithub.com/gin-gonic/gin.(*Context).Next\n\tC:/Users/18089/go/pkg/mod/github.com/gin-gonic/gin@v1.10.0/context.go:185\ngithub.com/flipped-aurora/gin-vue-admin/server/router/hrc.(*ResumeRouter).InitResumeRouter.MemberAuth.func1\n\tC:/Users/18089/Desktop/MSTN/msrc-admin/server/middleware/hrc/member_jwt.go:150\ngithub.com/gin-gonic/gin.(*Context).Next\n\tC:/Users/18089/go/pkg/mod/github.com/gin-gonic/gin@v1.10.0/context.go:185\ngithub.com/flipped-aurora/gin-vue-admin/server/middleware.UploadResponseHeaders.func1\n\tC:/Users/18089/Desktop/MSTN/msrc-admin/server/middleware/upload_security.go:25\ngithub.com/gin-gonic/gin.(*Context).Next\n\tC:/Users/18089/go/pkg/mod/github.com/gin-gonic/gin@v1.10.0/context.go:185\ngithub.com/gin-gonic/gin.LoggerWithConfig.func1\n\tC:/Users/18089/go/pkg/mod/github.com/gin-gonic/gin@v1.10.0/logger.go:249\ngithub.com/gin-gonic/gin.(*Context).Next\n\tC:/Users/18089/go/pkg/mod/github.com/gin-gonic/gin@v1.10.0/context.go:185\ngithub.com/flipped-aurora/gin-vue-admin/server/initialize.Routers.AccessLog.func4\n\tC:/Users/18089/Desktop/MSTN/msrc-admin/server/middleware/access_log.go:73\ngithub.com/gin-gonic/gin.(*Context).Next\n\tC:/Users/18089/go/pkg/mod/github.com/gin-gonic/gin@v1.10.0/context.go:185\ngithub.com/flipped-aurora/gin-vue-admin/server/initialize.Routers.GinRecovery.func3\n\tC:/Users/18089/Desktop/MSTN/msrc-admin/server/middleware/error.go:56\ngithub.com/gin-gonic/gin.(*Context).Next\n\tC:/Users/18089/go/pkg/mod/github.com/gin-gonic/gin@v1.10.0/context.go:185\ngithub.com/flipped-aurora/gin-vue-admin/server/initialize.Routers.RequestMeta.func2\n\tC:/Users/18089/Desktop/MSTN/msrc-admin/server/middleware/request_meta.go:39\ngithub.com/gin-gonic/gin.(*Context).Next\n\tC:/Users/18089/go/pkg/mod/github.com/gin-gonic/gin@v1.10.0/context.go:185\ngithub.com/gin-gonic/gin.(*Engine).handleHTTPRequest\n\tC:/Users/18089/go/pkg/mod/github.com/gin-gonic/gin@v1.10.0/gin.go:633\ngithub.com/gin-gonic/gin.(*Engine).ServeHTTP\n\tC:/Users/18089/go/pkg/mod/github.com/gin-gonic/gin@v1.10.0/gin.go:589\nnet/http.serverHandler.ServeHTTP\n\tC:/Program Files/Go/src/net/http/server.go:3340\nnet/http.(*conn).serve\n\tC:/Program Files/Go/src/net/http/server.go:2109"}
github.com/flipped-aurora/gin-vue-admin/server/initialize/internal.(*GormLogger).Trace
	C:/Users/18089/Desktop/MSTN/msrc-admin/server/initialize/internal/gorm_logger_writer.go:54
gorm.io/gorm.(*processor).Execute
	C:/Users/18089/go/pkg/mod/gorm.io/gorm@v1.31.1/callbacks.go:140
gorm.io/gorm.(*DB).Delete
	C:/Users/18089/go/pkg/mod/gorm.io/gorm@v1.31.1/finisher_api.go:441
github.com/flipped-aurora/gin-vue-admin/server/service/hrc.(*ResumeService).replaceSubTables
	C:/Users/18089/Desktop/MSTN/msrc-admin/server/service/hrc/resume_service.go:306
github.com/flipped-aurora/gin-vue-admin/server/service/hrc.(*ResumeService).UpdateResume.func1
	C:/Users/18089/Desktop/MSTN/msrc-admin/server/service/hrc/resume_service.go:123
gorm.io/gorm.(*DB).Transaction
	C:/Users/18089/go/pkg/mod/gorm.io/gorm@v1.31.1/finisher_api.go:654
github.com/flipped-aurora/gin-vue-admin/server/service/hrc.(*ResumeService).UpdateResume
	C:/Users/18089/Desktop/MSTN/msrc-admin/server/service/hrc/resume_service.go:88
github.com/flipped-aurora/gin-vue-admin/server/api/v1/hrc.(*ResumeApi).UpdateResume
	C:/Users/18089/Desktop/MSTN/msrc-admin/server/api/v1/hrc/personal_resume.go:122
github.com/gin-gonic/gin.(*Context).Next
	C:/Users/18089/go/pkg/mod/github.com/gin-gonic/gin@v1.10.0/context.go:185
github.com/flipped-aurora/gin-vue-admin/server/router/hrc.(*ResumeRouter).InitResumeRouter.UtypeAuth.func2
	C:/Users/18089/Desktop/MSTN/msrc-admin/server/middleware/hrc/member_jwt.go:162
github.com/gin-gonic/gin.(*Context).Next
	C:/Users/18089/go/pkg/mod/github.com/gin-gonic/gin@v1.10.0/context.go:185
github.com/flipped-aurora/gin-vue-admin/server/router/hrc.(*ResumeRouter).InitResumeRouter.MemberAuth.func1
	C:/Users/18089/Desktop/MSTN/msrc-admin/server/middleware/hrc/member_jwt.go:150
github.com/gin-gonic/gin.(*Context).Next
	C:/Users/18089/go/pkg/mod/github.com/gin-gonic/gin@v1.10.0/context.go:185
github.com/flipped-aurora/gin-vue-admin/server/middleware.UploadResponseHeaders.func1
	C:/Users/18089/Desktop/MSTN/msrc-admin/server/middleware/upload_security.go:25
github.com/gin-gonic/gin.(*Context).Next
	C:/Users/18089/go/pkg/mod/github.com/gin-gonic/gin@v1.10.0/context.go:185
github.com/gin-gonic/gin.LoggerWithConfig.func1
	C:/Users/18089/go/pkg/mod/github.com/gin-gonic/gin@v1.10.0/logger.go:249
github.com/gin-gonic/gin.(*Context).Next
	C:/Users/18089/go/pkg/mod/github.com/gin-gonic/gin@v1.10.0/context.go:185
github.com/flipped-aurora/gin-vue-admin/server/initialize.Routers.AccessLog.func4
	C:/Users/18089/Desktop/MSTN/msrc-admin/server/middleware/access_log.go:73
github.com/gin-gonic/gin.(*Context).Next
	C:/Users/18089/go/pkg/mod/github.com/gin-gonic/gin@v1.10.0/context.go:185
github.com/flipped-aurora/gin-vue-admin/server/initialize.Routers.GinRecovery.func3
	C:/Users/18089/Desktop/MSTN/msrc-admin/server/middleware/error.go:56
github.com/gin-gonic/gin.(*Context).Next
	C:/Users/18089/go/pkg/mod/github.com/gin-gonic/gin@v1.10.0/context.go:185
github.com/flipped-aurora/gin-vue-admin/server/initialize.Routers.RequestMeta.func2
	C:/Users/18089/Desktop/MSTN/msrc-admin/server/middleware/request_meta.go:39
github.com/gin-gonic/gin.(*Context).Next
	C:/Users/18089/go/pkg/mod/github.com/gin-gonic/gin@v1.10.0/context.go:185
github.com/gin-gonic/gin.(*Engine).handleHTTPRequest
	C:/Users/18089/go/pkg/mod/github.com/gin-gonic/gin@v1.10.0/gin.go:633
github.com/gin-gonic/gin.(*Engine).ServeHTTP
	C:/Users/18089/go/pkg/mod/github.com/gin-gonic/gin@v1.10.0/gin.go:589
net/http.serverHandler.ServeHTTP
	C:/Program Files/Go/src/net/http/server.go:3340
net/http.(*conn).serve
	C:/Program Files/Go/src/net/http/server.go:2109
[github.com/flipped-aurora/gin-vue-admin/server]2026-08-20 14:20:10.206	[31merror[0m	C:/Users/18089/Desktop/MSTN/msrc-admin/server/middleware/hrc/member_jwt.go:95	member jwt parse failed	{"node": "", "app_id": "", "env": "", "error": "token signature is invalid: signature is invalid"}
github.com/flipped-aurora/gin-vue-admin/server/middleware/hrc.(*MemberJWT).ParseToken
	C:/Users/18089/Desktop/MSTN/msrc-admin/server/middleware/hrc/member_jwt.go:95
github.com/flipped-aurora/gin-vue-admin/server/router/hrc.(*ResumeRouter).InitResumeRouter.MemberAuth.func1
	C:/Users/18089/Desktop/MSTN/msrc-admin/server/middleware/hrc/member_jwt.go:117
github.com/gin-gonic/gin.(*Context).Next
	C:/Users/18089/go/pkg/mod/github.com/gin-gonic/gin@v1.10.0/context.go:185
github.com/flipped-aurora/gin-vue-admin/server/middleware.UploadResponseHeaders.func1
	C:/Users/18089/Desktop/MSTN/msrc-admin/server/middleware/upload_security.go:25
github.com/gin-gonic/gin.(*Context).Next
	C:/Users/18089/go/pkg/mod/github.com/gin-gonic/gin@v1.10.0/context.go:185
github.com/gin-gonic/gin.LoggerWithConfig.func1
	C:/Users/18089/go/pkg/mod/github.com/gin-gonic/gin@v1.10.0/logger.go:249
github.com/gin-gonic/gin.(*Context).Next
	C:/Users/18089/go/pkg/mod/github.com/gin-gonic/gin@v1.10.0/context.go:185
github.com/flipped-aurora/gin-vue-admin/server/initialize.Routers.AccessLog.func4
	C:/Users/18089/Desktop/MSTN/msrc-admin/server/middleware/access_log.go:73
github.com/gin-gonic/gin.(*Context).Next
	C:/Users/18089/go/pkg/mod/github.com/gin-gonic/gin@v1.10.0/context.go:185
github.com/flipped-aurora/gin-vue-admin/server/initialize.Routers.GinRecovery.func3
	C:/Users/18089/Desktop/MSTN/msrc-admin/server/middleware/error.go:56
github.com/gin-gonic/gin.(*Context).Next
	C:/Users/18089/go/pkg/mod/github.com/gin-gonic/gin@v1.10.0/context.go:185
github.com/flipped-aurora/gin-vue-admin/server/initialize.Routers.RequestMeta.func2
	C:/Users/18089/Desktop/MSTN/msrc-admin/server/middleware/request_meta.go:39
github.com/gin-gonic/gin.(*Context).Next
	C:/Users/18089/go/pkg/mod/github.com/gin-gonic/gin@v1.10.0/context.go:185
github.com/gin-gonic/gin.(*Engine).handleHTTPRequest
	C:/Users/18089/go/pkg/mod/github.com/gin-gonic/gin@v1.10.0/gin.go:633
github.com/gin-gonic/gin.(*Engine).ServeHTTP
	C:/Users/18089/go/pkg/mod/github.com/gin-gonic/gin@v1.10.0/gin.go:589
net/http.serverHandler.ServeHTTP
	C:/Program Files/Go/src/net/http/server.go:3340
net/http.(*conn).serve
	C:/Program Files/Go/src/net/http/server.go:2109
[github.com/flipped-aurora/gin-vue-admin/server]2026-08-20 14:21:44.590	[31merror[0m	C:/Users/18089/Desktop/MSTN/msrc-admin/server/middleware/hrc/member_jwt.go:95	member jwt parse failed	{"node": "", "app_id": "", "env": "", "error": "token signature is invalid: signature is invalid"}
github.com/flipped-aurora/gin-vue-admin/server/middleware/hrc.(*MemberJWT).ParseToken
	C:/Users/18089/Desktop/MSTN/msrc-admin/server/middleware/hrc/member_jwt.go:95
github.com/flipped-aurora/gin-vue-admin/server/router/hrc.(*ResumeRouter).InitResumeRouter.MemberAuth.func1
	C:/Users/18089/Desktop/MSTN/msrc-admin/server/middleware/hrc/member_jwt.go:117
github.com/gin-gonic/gin.(*Context).Next
	C:/Users/18089/go/pkg/mod/github.com/gin-gonic/gin@v1.10.0/context.go:185
github.com/flipped-aurora/gin-vue-admin/server/middleware.UploadResponseHeaders.func1
	C:/Users/18089/Desktop/MSTN/msrc-admin/server/middleware/upload_security.go:25
github.com/gin-gonic/gin.(*Context).Next
	C:/Users/18089/go/pkg/mod/github.com/gin-gonic/gin@v1.10.0/context.go:185
github.com/gin-gonic/gin.LoggerWithConfig.func1
	C:/Users/18089/go/pkg/mod/github.com/gin-gonic/gin@v1.10.0/logger.go:249
github.com/gin-gonic/gin.(*Context).Next
	C:/Users/18089/go/pkg/mod/github.com/gin-gonic/gin@v1.10.0/context.go:185
github.com/flipped-aurora/gin-vue-admin/server/initialize.Routers.AccessLog.func4
	C:/Users/18089/Desktop/MSTN/msrc-admin/server/middleware/access_log.go:73
github.com/gin-gonic/gin.(*Context).Next
	C:/Users/18089/go/pkg/mod/github.com/gin-gonic/gin@v1.10.0/context.go:185
github.com/flipped-aurora/gin-vue-admin/server/initialize.Routers.GinRecovery.func3
	C:/Users/18089/Desktop/MSTN/msrc-admin/server/middleware/error.go:56
github.com/gin-gonic/gin.(*Context).Next
	C:/Users/18089/go/pkg/mod/github.com/gin-gonic/gin@v1.10.0/context.go:185
github.com/flipped-aurora/gin-vue-admin/server/initialize.Routers.RequestMeta.func2
	C:/Users/18089/Desktop/MSTN/msrc-admin/server/middleware/request_meta.go:39
github.com/gin-gonic/gin.(*Context).Next
	C:/Users/18089/go/pkg/mod/github.com/gin-gonic/gin@v1.10.0/context.go:185
github.com/gin-gonic/gin.(*Engine).handleHTTPRequest
	C:/Users/18089/go/pkg/mod/github.com/gin-gonic/gin@v1.10.0/gin.go:633
github.com/gin-gonic/gin.(*Engine).ServeHTTP
	C:/Users/18089/go/pkg/mod/github.com/gin-gonic/gin@v1.10.0/gin.go:589
net/http.serverHandler.ServeHTTP
	C:/Program Files/Go/src/net/http/server.go:3340
net/http.(*conn).serve
	C:/Program Files/Go/src/net/http/server.go:2109
[github.com/flipped-aurora/gin-vue-admin/server]2026-08-20 14:24:05.228	[31merror[0m	C:/Users/18089/Desktop/MSTN/msrc-admin/server/middleware/hrc/member_jwt.go:95	member jwt parse failed	{"node": "", "app_id": "", "env": "", "error": "token signature is invalid: signature is invalid"}
github.com/flipped-aurora/gin-vue-admin/server/middleware/hrc.(*MemberJWT).ParseToken
	C:/Users/18089/Desktop/MSTN/msrc-admin/server/middleware/hrc/member_jwt.go:95
github.com/flipped-aurora/gin-vue-admin/server/router/hrc.(*ResumeRouter).InitResumeRouter.MemberAuth.func1
	C:/Users/18089/Desktop/MSTN/msrc-admin/server/middleware/hrc/member_jwt.go:117
github.com/gin-gonic/gin.(*Context).Next
	C:/Users/18089/go/pkg/mod/github.com/gin-gonic/gin@v1.10.0/context.go:185
github.com/flipped-aurora/gin-vue-admin/server/middleware.UploadResponseHeaders.func1
	C:/Users/18089/Desktop/MSTN/msrc-admin/server/middleware/upload_security.go:25
github.com/gin-gonic/gin.(*Context).Next
	C:/Users/18089/go/pkg/mod/github.com/gin-gonic/gin@v1.10.0/context.go:185
github.com/gin-gonic/gin.LoggerWithConfig.func1
	C:/Users/18089/go/pkg/mod/github.com/gin-gonic/gin@v1.10.0/logger.go:249
github.com/gin-gonic/gin.(*Context).Next
	C:/Users/18089/go/pkg/mod/github.com/gin-gonic/gin@v1.10.0/context.go:185
github.com/flipped-aurora/gin-vue-admin/server/initialize.Routers.AccessLog.func4
	C:/Users/18089/Desktop/MSTN/msrc-admin/server/middleware/access_log.go:73
github.com/gin-gonic/gin.(*Context).Next
	C:/Users/18089/go/pkg/mod/github.com/gin-gonic/gin@v1.10.0/context.go:185
github.com/flipped-aurora/gin-vue-admin/server/initialize.Routers.GinRecovery.func3
	C:/Users/18089/Desktop/MSTN/msrc-admin/server/middleware/error.go:56
github.com/gin-gonic/gin.(*Context).Next
	C:/Users/18089/go/pkg/mod/github.com/gin-gonic/gin@v1.10.0/context.go:185
github.com/flipped-aurora/gin-vue-admin/server/initialize.Routers.RequestMeta.func2
	C:/Users/18089/Desktop/MSTN/msrc-admin/server/middleware/request_meta.go:39
github.com/gin-gonic/gin.(*Context).Next
	C:/Users/18089/go/pkg/mod/github.com/gin-gonic/gin@v1.10.0/context.go:185
github.com/gin-gonic/gin.(*Engine).handleHTTPRequest
	C:/Users/18089/go/pkg/mod/github.com/gin-gonic/gin@v1.10.0/gin.go:633
github.com/gin-gonic/gin.(*Engine).ServeHTTP
	C:/Users/18089/go/pkg/mod/github.com/gin-gonic/gin@v1.10.0/gin.go:589
net/http.serverHandler.ServeHTTP
	C:/Program Files/Go/src/net/http/server.go:3340
net/http.(*conn).serve
	C:/Program Files/Go/src/net/http/server.go:2109
[github.com/flipped-aurora/gin-vue-admin/server]2026-08-20 14:24:05.242	[31merror[0m	C:/Users/18089/Desktop/MSTN/msrc-admin/server/middleware/hrc/member_jwt.go:95	member jwt parse failed	{"node": "", "app_id": "", "env": "", "error": "token signature is invalid: signature is invalid"}
github.com/flipped-aurora/gin-vue-admin/server/middleware/hrc.(*MemberJWT).ParseToken
	C:/Users/18089/Desktop/MSTN/msrc-admin/server/middleware/hrc/member_jwt.go:95
github.com/flipped-aurora/gin-vue-admin/server/router/hrc.(*ResumeRouter).InitResumeRouter.MemberAuth.func1
	C:/Users/18089/Desktop/MSTN/msrc-admin/server/middleware/hrc/member_jwt.go:117
github.com/gin-gonic/gin.(*Context).Next
	C:/Users/18089/go/pkg/mod/github.com/gin-gonic/gin@v1.10.0/context.go:185
github.com/flipped-aurora/gin-vue-admin/server/middleware.UploadResponseHeaders.func1
	C:/Users/18089/Desktop/MSTN/msrc-admin/server/middleware/upload_security.go:25
github.com/gin-gonic/gin.(*Context).Next
	C:/Users/18089/go/pkg/mod/github.com/gin-gonic/gin@v1.10.0/context.go:185
github.com/gin-gonic/gin.LoggerWithConfig.func1
	C:/Users/18089/go/pkg/mod/github.com/gin-gonic/gin@v1.10.0/logger.go:249
github.com/gin-gonic/gin.(*Context).Next
	C:/Users/18089/go/pkg/mod/github.com/gin-gonic/gin@v1.10.0/context.go:185
github.com/flipped-aurora/gin-vue-admin/server/initialize.Routers.AccessLog.func4
	C:/Users/18089/Desktop/MSTN/msrc-admin/server/middleware/access_log.go:73
github.com/gin-gonic/gin.(*Context).Next
	C:/Users/18089/go/pkg/mod/github.com/gin-gonic/gin@v1.10.0/context.go:185
github.com/flipped-aurora/gin-vue-admin/server/initialize.Routers.GinRecovery.func3
	C:/Users/18089/Desktop/MSTN/msrc-admin/server/middleware/error.go:56
github.com/gin-gonic/gin.(*Context).Next
	C:/Users/18089/go/pkg/mod/github.com/gin-gonic/gin@v1.10.0/context.go:185
github.com/flipped-aurora/gin-vue-admin/server/initialize.Routers.RequestMeta.func2
	C:/Users/18089/Desktop/MSTN/msrc-admin/server/middleware/request_meta.go:39
github.com/gin-gonic/gin.(*Context).Next
	C:/Users/18089/go/pkg/mod/github.com/gin-gonic/gin@v1.10.0/context.go:185
github.com/gin-gonic/gin.(*Engine).handleHTTPRequest
	C:/Users/18089/go/pkg/mod/github.com/gin-gonic/gin@v1.10.0/gin.go:633
github.com/gin-gonic/gin.(*Engine).ServeHTTP
	C:/Users/18089/go/pkg/mod/github.com/gin-gonic/gin@v1.10.0/gin.go:589
net/http.serverHandler.ServeHTTP
	C:/Program Files/Go/src/net/http/server.go:3340
net/http.(*conn).serve
	C:/Program Files/Go/src/net/http/server.go:2109
[github.com/flipped-aurora/gin-vue-admin/server]2026-08-20 14:42:56.505	[31merror[0m	C:/Users/18089/Desktop/MSTN/msrc-admin/server/middleware/hrc/member_jwt.go:95	member jwt parse failed	{"node": "", "app_id": "", "env": "", "error": "token signature is invalid: signature is invalid"}
github.com/flipped-aurora/gin-vue-admin/server/middleware/hrc.(*MemberJWT).ParseToken
	C:/Users/18089/Desktop/MSTN/msrc-admin/server/middleware/hrc/member_jwt.go:95
github.com/flipped-aurora/gin-vue-admin/server/router/hrc.(*ResumeRouter).InitResumeRouter.MemberAuth.func1
	C:/Users/18089/Desktop/MSTN/msrc-admin/server/middleware/hrc/member_jwt.go:117
github.com/gin-gonic/gin.(*Context).Next
	C:/Users/18089/go/pkg/mod/github.com/gin-gonic/gin@v1.10.0/context.go:185
github.com/flipped-aurora/gin-vue-admin/server/middleware.UploadResponseHeaders.func1
	C:/Users/18089/Desktop/MSTN/msrc-admin/server/middleware/upload_security.go:25
github.com/gin-gonic/gin.(*Context).Next
	C:/Users/18089/go/pkg/mod/github.com/gin-gonic/gin@v1.10.0/context.go:185
github.com/gin-gonic/gin.LoggerWithConfig.func1
	C:/Users/18089/go/pkg/mod/github.com/gin-gonic/gin@v1.10.0/logger.go:249
github.com/gin-gonic/gin.(*Context).Next
	C:/Users/18089/go/pkg/mod/github.com/gin-gonic/gin@v1.10.0/context.go:185
github.com/flipped-aurora/gin-vue-admin/server/initialize.Routers.AccessLog.func4
	C:/Users/18089/Desktop/MSTN/msrc-admin/server/middleware/access_log.go:73
github.com/gin-gonic/gin.(*Context).Next
	C:/Users/18089/go/pkg/mod/github.com/gin-gonic/gin@v1.10.0/context.go:185
github.com/flipped-aurora/gin-vue-admin/server/initialize.Routers.GinRecovery.func3
	C:/Users/18089/Desktop/MSTN/msrc-admin/server/middleware/error.go:56
github.com/gin-gonic/gin.(*Context).Next
	C:/Users/18089/go/pkg/mod/github.com/gin-gonic/gin@v1.10.0/context.go:185
github.com/flipped-aurora/gin-vue-admin/server/initialize.Routers.RequestMeta.func2
	C:/Users/18089/Desktop/MSTN/msrc-admin/server/middleware/request_meta.go:39
github.com/gin-gonic/gin.(*Context).Next
	C:/Users/18089/go/pkg/mod/github.com/gin-gonic/gin@v1.10.0/context.go:185
github.com/gin-gonic/gin.(*Engine).handleHTTPRequest
	C:/Users/18089/go/pkg/mod/github.com/gin-gonic/gin@v1.10.0/gin.go:633
github.com/gin-gonic/gin.(*Engine).ServeHTTP
	C:/Users/18089/go/pkg/mod/github.com/gin-gonic/gin@v1.10.0/gin.go:589
net/http.serverHandler.ServeHTTP
	C:/Program Files/Go/src/net/http/server.go:3340
net/http.(*conn).serve
	C:/Program Files/Go/src/net/http/server.go:2109
[github.com/flipped-aurora/gin-vue-admin/server]2026-08-20 14:42:56.819	[31merror[0m	C:/Users/18089/Desktop/MSTN/msrc-admin/server/middleware/hrc/member_jwt.go:95	member jwt parse failed	{"node": "", "app_id": "", "env": "", "error": "token signature is invalid: signature is invalid"}
github.com/flipped-aurora/gin-vue-admin/server/middleware/hrc.(*MemberJWT).ParseToken
	C:/Users/18089/Desktop/MSTN/msrc-admin/server/middleware/hrc/member_jwt.go:95
github.com/flipped-aurora/gin-vue-admin/server/router/hrc.(*ResumeRouter).InitResumeRouter.MemberAuth.func1
	C:/Users/18089/Desktop/MSTN/msrc-admin/server/middleware/hrc/member_jwt.go:117
github.com/gin-gonic/gin.(*Context).Next
	C:/Users/18089/go/pkg/mod/github.com/gin-gonic/gin@v1.10.0/context.go:185
github.com/flipped-aurora/gin-vue-admin/server/middleware.UploadResponseHeaders.func1
	C:/Users/18089/Desktop/MSTN/msrc-admin/server/middleware/upload_security.go:25
github.com/gin-gonic/gin.(*Context).Next
	C:/Users/18089/go/pkg/mod/github.com/gin-gonic/gin@v1.10.0/context.go:185
github.com/gin-gonic/gin.LoggerWithConfig.func1
	C:/Users/18089/go/pkg/mod/github.com/gin-gonic/gin@v1.10.0/logger.go:249
github.com/gin-gonic/gin.(*Context).Next
	C:/Users/18089/go/pkg/mod/github.com/gin-gonic/gin@v1.10.0/context.go:185
github.com/flipped-aurora/gin-vue-admin/server/initialize.Routers.AccessLog.func4
	C:/Users/18089/Desktop/MSTN/msrc-admin/server/middleware/access_log.go:73
github.com/gin-gonic/gin.(*Context).Next
	C:/Users/18089/go/pkg/mod/github.com/gin-gonic/gin@v1.10.0/context.go:185
github.com/flipped-aurora/gin-vue-admin/server/initialize.Routers.GinRecovery.func3
	C:/Users/18089/Desktop/MSTN/msrc-admin/server/middleware/error.go:56
github.com/gin-gonic/gin.(*Context).Next
	C:/Users/18089/go/pkg/mod/github.com/gin-gonic/gin@v1.10.0/context.go:185
github.com/flipped-aurora/gin-vue-admin/server/initialize.Routers.RequestMeta.func2
	C:/Users/18089/Desktop/MSTN/msrc-admin/server/middleware/request_meta.go:39
github.com/gin-gonic/gin.(*Context).Next
	C:/Users/18089/go/pkg/mod/github.com/gin-gonic/gin@v1.10.0/context.go:185
github.com/gin-gonic/gin.(*Engine).handleHTTPRequest
	C:/Users/18089/go/pkg/mod/github.com/gin-gonic/gin@v1.10.0/gin.go:633
github.com/gin-gonic/gin.(*Engine).ServeHTTP
	C:/Users/18089/go/pkg/mod/github.com/gin-gonic/gin@v1.10.0/gin.go:589
net/http.serverHandler.ServeHTTP
	C:/Program Files/Go/src/net/http/server.go:3340
net/http.(*conn).serve
	C:/Program Files/Go/src/net/http/server.go:2109
[github.com/flipped-aurora/gin-vue-admin/server]2026-08-20 14:42:57.130	[31merror[0m	C:/Users/18089/Desktop/MSTN/msrc-admin/server/middleware/hrc/member_jwt.go:95	member jwt parse failed	{"node": "", "app_id": "", "env": "", "error": "token signature is invalid: signature is invalid"}
github.com/flipped-aurora/gin-vue-admin/server/middleware/hrc.(*MemberJWT).ParseToken
	C:/Users/18089/Desktop/MSTN/msrc-admin/server/middleware/hrc/member_jwt.go:95
github.com/flipped-aurora/gin-vue-admin/server/router/hrc.(*ResumeRouter).InitResumeRouter.MemberAuth.func1
	C:/Users/18089/Desktop/MSTN/msrc-admin/server/middleware/hrc/member_jwt.go:117
github.com/gin-gonic/gin.(*Context).Next
	C:/Users/18089/go/pkg/mod/github.com/gin-gonic/gin@v1.10.0/context.go:185
github.com/flipped-aurora/gin-vue-admin/server/middleware.UploadResponseHeaders.func1
	C:/Users/18089/Desktop/MSTN/msrc-admin/server/middleware/upload_security.go:25
github.com/gin-gonic/gin.(*Context).Next
	C:/Users/18089/go/pkg/mod/github.com/gin-gonic/gin@v1.10.0/context.go:185
github.com/gin-gonic/gin.LoggerWithConfig.func1
	C:/Users/18089/go/pkg/mod/github.com/gin-gonic/gin@v1.10.0/logger.go:249
github.com/gin-gonic/gin.(*Context).Next
	C:/Users/18089/go/pkg/mod/github.com/gin-gonic/gin@v1.10.0/context.go:185
github.com/flipped-aurora/gin-vue-admin/server/initialize.Routers.AccessLog.func4
	C:/Users/18089/Desktop/MSTN/msrc-admin/server/middleware/access_log.go:73
github.com/gin-gonic/gin.(*Context).Next
	C:/Users/18089/go/pkg/mod/github.com/gin-gonic/gin@v1.10.0/context.go:185
github.com/flipped-aurora/gin-vue-admin/server/initialize.Routers.GinRecovery.func3
	C:/Users/18089/Desktop/MSTN/msrc-admin/server/middleware/error.go:56
github.com/gin-gonic/gin.(*Context).Next
	C:/Users/18089/go/pkg/mod/github.com/gin-gonic/gin@v1.10.0/context.go:185
github.com/flipped-aurora/gin-vue-admin/server/initialize.Routers.RequestMeta.func2
	C:/Users/18089/Desktop/MSTN/msrc-admin/server/middleware/request_meta.go:39
github.com/gin-gonic/gin.(*Context).Next
	C:/Users/18089/go/pkg/mod/github.com/gin-gonic/gin@v1.10.0/context.go:185
github.com/gin-gonic/gin.(*Engine).handleHTTPRequest
	C:/Users/18089/go/pkg/mod/github.com/gin-gonic/gin@v1.10.0/gin.go:633
github.com/gin-gonic/gin.(*Engine).ServeHTTP
	C:/Users/18089/go/pkg/mod/github.com/gin-gonic/gin@v1.10.0/gin.go:589
net/http.serverHandler.ServeHTTP
	C:/Program Files/Go/src/net/http/server.go:3340
net/http.(*conn).serve
	C:/Program Files/Go/src/net/http/server.go:2109
[github.com/flipped-aurora/gin-vue-admin/server]2026-08-20 14:42:57.442	[31merror[0m	C:/Users/18089/Desktop/MSTN/msrc-admin/server/middleware/hrc/member_jwt.go:95	member jwt parse failed	{"node": "", "app_id": "", "env": "", "error": "token signature is invalid: signature is invalid"}
github.com/flipped-aurora/gin-vue-admin/server/middleware/hrc.(*MemberJWT).ParseToken
	C:/Users/18089/Desktop/MSTN/msrc-admin/server/middleware/hrc/member_jwt.go:95
github.com/flipped-aurora/gin-vue-admin/server/router/hrc.(*ResumeRouter).InitResumeRouter.MemberAuth.func1
	C:/Users/18089/Desktop/MSTN/msrc-admin/server/middleware/hrc/member_jwt.go:117
github.com/gin-gonic/gin.(*Context).Next
	C:/Users/18089/go/pkg/mod/github.com/gin-gonic/gin@v1.10.0/context.go:185
github.com/flipped-aurora/gin-vue-admin/server/middleware.UploadResponseHeaders.func1
	C:/Users/18089/Desktop/MSTN/msrc-admin/server/middleware/upload_security.go:25
github.com/gin-gonic/gin.(*Context).Next
	C:/Users/18089/go/pkg/mod/github.com/gin-gonic/gin@v1.10.0/context.go:185
github.com/gin-gonic/gin.LoggerWithConfig.func1
	C:/Users/18089/go/pkg/mod/github.com/gin-gonic/gin@v1.10.0/logger.go:249
github.com/gin-gonic/gin.(*Context).Next
	C:/Users/18089/go/pkg/mod/github.com/gin-gonic/gin@v1.10.0/context.go:185
github.com/flipped-aurora/gin-vue-admin/server/initialize.Routers.AccessLog.func4
	C:/Users/18089/Desktop/MSTN/msrc-admin/server/middleware/access_log.go:73
github.com/gin-gonic/gin.(*Context).Next
	C:/Users/18089/go/pkg/mod/github.com/gin-gonic/gin@v1.10.0/context.go:185
github.com/flipped-aurora/gin-vue-admin/server/initialize.Routers.GinRecovery.func3
	C:/Users/18089/Desktop/MSTN/msrc-admin/server/middleware/error.go:56
github.com/gin-gonic/gin.(*Context).Next
	C:/Users/18089/go/pkg/mod/github.com/gin-gonic/gin@v1.10.0/context.go:185
github.com/flipped-aurora/gin-vue-admin/server/initialize.Routers.RequestMeta.func2
	C:/Users/18089/Desktop/MSTN/msrc-admin/server/middleware/request_meta.go:39
github.com/gin-gonic/gin.(*Context).Next
	C:/Users/18089/go/pkg/mod/github.com/gin-gonic/gin@v1.10.0/context.go:185
github.com/gin-gonic/gin.(*Engine).handleHTTPRequest
	C:/Users/18089/go/pkg/mod/github.com/gin-gonic/gin@v1.10.0/gin.go:633
github.com/gin-gonic/gin.(*Engine).ServeHTTP
	C:/Users/18089/go/pkg/mod/github.com/gin-gonic/gin@v1.10.0/gin.go:589
net/http.serverHandler.ServeHTTP
	C:/Program Files/Go/src/net/http/server.go:3340
net/http.(*conn).serve
	C:/Program Files/Go/src/net/http/server.go:2109
[github.com/flipped-aurora/gin-vue-admin/server]2026-08-20 14:42:57.751	[31merror[0m	C:/Users/18089/Desktop/MSTN/msrc-admin/server/middleware/hrc/member_jwt.go:95	member jwt parse failed	{"node": "", "app_id": "", "env": "", "error": "token signature is invalid: signature is invalid"}
github.com/flipped-aurora/gin-vue-admin/server/middleware/hrc.(*MemberJWT).ParseToken
	C:/Users/18089/Desktop/MSTN/msrc-admin/server/middleware/hrc/member_jwt.go:95
github.com/flipped-aurora/gin-vue-admin/server/router/hrc.(*ResumeRouter).InitResumeRouter.MemberAuth.func1
	C:/Users/18089/Desktop/MSTN/msrc-admin/server/middleware/hrc/member_jwt.go:117
github.com/gin-gonic/gin.(*Context).Next
	C:/Users/18089/go/pkg/mod/github.com/gin-gonic/gin@v1.10.0/context.go:185
github.com/flipped-aurora/gin-vue-admin/server/middleware.UploadResponseHeaders.func1
	C:/Users/18089/Desktop/MSTN/msrc-admin/server/middleware/upload_security.go:25
github.com/gin-gonic/gin.(*Context).Next
	C:/Users/18089/go/pkg/mod/github.com/gin-gonic/gin@v1.10.0/context.go:185
github.com/gin-gonic/gin.LoggerWithConfig.func1
	C:/Users/18089/go/pkg/mod/github.com/gin-gonic/gin@v1.10.0/logger.go:249
github.com/gin-gonic/gin.(*Context).Next
	C:/Users/18089/go/pkg/mod/github.com/gin-gonic/gin@v1.10.0/context.go:185
github.com/flipped-aurora/gin-vue-admin/server/initialize.Routers.AccessLog.func4
	C:/Users/18089/Desktop/MSTN/msrc-admin/server/middleware/access_log.go:73
github.com/gin-gonic/gin.(*Context).Next
	C:/Users/18089/go/pkg/mod/github.com/gin-gonic/gin@v1.10.0/context.go:185
github.com/flipped-aurora/gin-vue-admin/server/initialize.Routers.GinRecovery.func3
	C:/Users/18089/Desktop/MSTN/msrc-admin/server/middleware/error.go:56
github.com/gin-gonic/gin.(*Context).Next
	C:/Users/18089/go/pkg/mod/github.com/gin-gonic/gin@v1.10.0/context.go:185
github.com/flipped-aurora/gin-vue-admin/server/initialize.Routers.RequestMeta.func2
	C:/Users/18089/Desktop/MSTN/msrc-admin/server/middleware/request_meta.go:39
github.com/gin-gonic/gin.(*Context).Next
	C:/Users/18089/go/pkg/mod/github.com/gin-gonic/gin@v1.10.0/context.go:185
github.com/gin-gonic/gin.(*Engine).handleHTTPRequest
	C:/Users/18089/go/pkg/mod/github.com/gin-gonic/gin@v1.10.0/gin.go:633
github.com/gin-gonic/gin.(*Engine).ServeHTTP
	C:/Users/18089/go/pkg/mod/github.com/gin-gonic/gin@v1.10.0/gin.go:589
net/http.serverHandler.ServeHTTP
	C:/Program Files/Go/src/net/http/server.go:3340
net/http.(*conn).serve
	C:/Program Files/Go/src/net/http/server.go:2109
[github.com/flipped-aurora/gin-vue-admin/server]2026-08-20 14:42:58.064	[31merror[0m	C:/Users/18089/Desktop/MSTN/msrc-admin/server/middleware/hrc/member_jwt.go:95	member jwt parse failed	{"node": "", "app_id": "", "env": "", "error": "token signature is invalid: signature is invalid"}
github.com/flipped-aurora/gin-vue-admin/server/middleware/hrc.(*MemberJWT).ParseToken
	C:/Users/18089/Desktop/MSTN/msrc-admin/server/middleware/hrc/member_jwt.go:95
github.com/flipped-aurora/gin-vue-admin/server/router/hrc.(*ResumeRouter).InitResumeRouter.MemberAuth.func1
	C:/Users/18089/Desktop/MSTN/msrc-admin/server/middleware/hrc/member_jwt.go:117
github.com/gin-gonic/gin.(*Context).Next
	C:/Users/18089/go/pkg/mod/github.com/gin-gonic/gin@v1.10.0/context.go:185
github.com/flipped-aurora/gin-vue-admin/server/middleware.UploadResponseHeaders.func1
	C:/Users/18089/Desktop/MSTN/msrc-admin/server/middleware/upload_security.go:25
github.com/gin-gonic/gin.(*Context).Next
	C:/Users/18089/go/pkg/mod/github.com/gin-gonic/gin@v1.10.0/context.go:185
github.com/gin-gonic/gin.LoggerWithConfig.func1
	C:/Users/18089/go/pkg/mod/github.com/gin-gonic/gin@v1.10.0/logger.go:249
github.com/gin-gonic/gin.(*Context).Next
	C:/Users/18089/go/pkg/mod/github.com/gin-gonic/gin@v1.10.0/context.go:185
github.com/flipped-aurora/gin-vue-admin/server/initialize.Routers.AccessLog.func4
	C:/Users/18089/Desktop/MSTN/msrc-admin/server/middleware/access_log.go:73
github.com/gin-gonic/gin.(*Context).Next
	C:/Users/18089/go/pkg/mod/github.com/gin-gonic/gin@v1.10.0/context.go:185
github.com/flipped-aurora/gin-vue-admin/server/initialize.Routers.GinRecovery.func3
	C:/Users/18089/Desktop/MSTN/msrc-admin/server/middleware/error.go:56
github.com/gin-gonic/gin.(*Context).Next
	C:/Users/18089/go/pkg/mod/github.com/gin-gonic/gin@v1.10.0/context.go:185
github.com/flipped-aurora/gin-vue-admin/server/initialize.Routers.RequestMeta.func2
	C:/Users/18089/Desktop/MSTN/msrc-admin/server/middleware/request_meta.go:39
github.com/gin-gonic/gin.(*Context).Next
	C:/Users/18089/go/pkg/mod/github.com/gin-gonic/gin@v1.10.0/context.go:185
github.com/gin-gonic/gin.(*Engine).handleHTTPRequest
	C:/Users/18089/go/pkg/mod/github.com/gin-gonic/gin@v1.10.0/gin.go:633
github.com/gin-gonic/gin.(*Engine).ServeHTTP
	C:/Users/18089/go/pkg/mod/github.com/gin-gonic/gin@v1.10.0/gin.go:589
net/http.serverHandler.ServeHTTP
	C:/Program Files/Go/src/net/http/server.go:3340
net/http.(*conn).serve
	C:/Program Files/Go/src/net/http/server.go:2109
[github.com/flipped-aurora/gin-vue-admin/server]2026-08-20 14:42:58.377	[31merror[0m	C:/Users/18089/Desktop/MSTN/msrc-admin/server/middleware/hrc/member_jwt.go:95	member jwt parse failed	{"node": "", "app_id": "", "env": "", "error": "token signature is invalid: signature is invalid"}
github.com/flipped-aurora/gin-vue-admin/server/middleware/hrc.(*MemberJWT).ParseToken
	C:/Users/18089/Desktop/MSTN/msrc-admin/server/middleware/hrc/member_jwt.go:95
github.com/flipped-aurora/gin-vue-admin/server/router/hrc.(*ResumeRouter).InitResumeRouter.MemberAuth.func1
	C:/Users/18089/Desktop/MSTN/msrc-admin/server/middleware/hrc/member_jwt.go:117
github.com/gin-gonic/gin.(*Context).Next
	C:/Users/18089/go/pkg/mod/github.com/gin-gonic/gin@v1.10.0/context.go:185
github.com/flipped-aurora/gin-vue-admin/server/middleware.UploadResponseHeaders.func1
	C:/Users/18089/Desktop/MSTN/msrc-admin/server/middleware/upload_security.go:25
github.com/gin-gonic/gin.(*Context).Next
	C:/Users/18089/go/pkg/mod/github.com/gin-gonic/gin@v1.10.0/context.go:185
github.com/gin-gonic/gin.LoggerWithConfig.func1
	C:/Users/18089/go/pkg/mod/github.com/gin-gonic/gin@v1.10.0/logger.go:249
github.com/gin-gonic/gin.(*Context).Next
	C:/Users/18089/go/pkg/mod/github.com/gin-gonic/gin@v1.10.0/context.go:185
github.com/flipped-aurora/gin-vue-admin/server/initialize.Routers.AccessLog.func4
	C:/Users/18089/Desktop/MSTN/msrc-admin/server/middleware/access_log.go:73
github.com/gin-gonic/gin.(*Context).Next
	C:/Users/18089/go/pkg/mod/github.com/gin-gonic/gin@v1.10.0/context.go:185
github.com/flipped-aurora/gin-vue-admin/server/initialize.Routers.GinRecovery.func3
	C:/Users/18089/Desktop/MSTN/msrc-admin/server/middleware/error.go:56
github.com/gin-gonic/gin.(*Context).Next
	C:/Users/18089/go/pkg/mod/github.com/gin-gonic/gin@v1.10.0/context.go:185
github.com/flipped-aurora/gin-vue-admin/server/initialize.Routers.RequestMeta.func2
	C:/Users/18089/Desktop/MSTN/msrc-admin/server/middleware/request_meta.go:39
github.com/gin-gonic/gin.(*Context).Next
	C:/Users/18089/go/pkg/mod/github.com/gin-gonic/gin@v1.10.0/context.go:185
github.com/gin-gonic/gin.(*Engine).handleHTTPRequest
	C:/Users/18089/go/pkg/mod/github.com/gin-gonic/gin@v1.10.0/gin.go:633
github.com/gin-gonic/gin.(*Engine).ServeHTTP
	C:/Users/18089/go/pkg/mod/github.com/gin-gonic/gin@v1.10.0/gin.go:589
net/http.serverHandler.ServeHTTP
	C:/Program Files/Go/src/net/http/server.go:3340
net/http.(*conn).serve
	C:/Program Files/Go/src/net/http/server.go:2109
[github.com/flipped-aurora/gin-vue-admin/server]2026-08-20 14:42:58.702	[31merror[0m	C:/Users/18089/Desktop/MSTN/msrc-admin/server/middleware/hrc/member_jwt.go:95	member jwt parse failed	{"node": "", "app_id": "", "env": "", "error": "token signature is invalid: signature is invalid"}
github.com/flipped-aurora/gin-vue-admin/server/middleware/hrc.(*MemberJWT).ParseToken
	C:/Users/18089/Desktop/MSTN/msrc-admin/server/middleware/hrc/member_jwt.go:95
github.com/flipped-aurora/gin-vue-admin/server/router/hrc.(*ResumeRouter).InitResumeRouter.MemberAuth.func1
	C:/Users/18089/Desktop/MSTN/msrc-admin/server/middleware/hrc/member_jwt.go:117
github.com/gin-gonic/gin.(*Context).Next
	C:/Users/18089/go/pkg/mod/github.com/gin-gonic/gin@v1.10.0/context.go:185
github.com/flipped-aurora/gin-vue-admin/server/middleware.UploadResponseHeaders.func1
	C:/Users/18089/Desktop/MSTN/msrc-admin/server/middleware/upload_security.go:25
github.com/gin-gonic/gin.(*Context).Next
	C:/Users/18089/go/pkg/mod/github.com/gin-gonic/gin@v1.10.0/context.go:185
github.com/gin-gonic/gin.LoggerWithConfig.func1
	C:/Users/18089/go/pkg/mod/github.com/gin-gonic/gin@v1.10.0/logger.go:249
github.com/gin-gonic/gin.(*Context).Next
	C:/Users/18089/go/pkg/mod/github.com/gin-gonic/gin@v1.10.0/context.go:185
github.com/flipped-aurora/gin-vue-admin/server/initialize.Routers.AccessLog.func4
	C:/Users/18089/Desktop/MSTN/msrc-admin/server/middleware/access_log.go:73
github.com/gin-gonic/gin.(*Context).Next
	C:/Users/18089/go/pkg/mod/github.com/gin-gonic/gin@v1.10.0/context.go:185
github.com/flipped-aurora/gin-vue-admin/server/initialize.Routers.GinRecovery.func3
	C:/Users/18089/Desktop/MSTN/msrc-admin/server/middleware/error.go:56
github.com/gin-gonic/gin.(*Context).Next
	C:/Users/18089/go/pkg/mod/github.com/gin-gonic/gin@v1.10.0/context.go:185
github.com/flipped-aurora/gin-vue-admin/server/initialize.Routers.RequestMeta.func2
	C:/Users/18089/Desktop/MSTN/msrc-admin/server/middleware/request_meta.go:39
github.com/gin-gonic/gin.(*Context).Next
	C:/Users/18089/go/pkg/mod/github.com/gin-gonic/gin@v1.10.0/context.go:185
github.com/gin-gonic/gin.(*Engine).handleHTTPRequest
	C:/Users/18089/go/pkg/mod/github.com/gin-gonic/gin@v1.10.0/gin.go:633
github.com/gin-gonic/gin.(*Engine).ServeHTTP
	C:/Users/18089/go/pkg/mod/github.com/gin-gonic/gin@v1.10.0/gin.go:589
net/http.serverHandler.ServeHTTP
	C:/Program Files/Go/src/net/http/server.go:3340
net/http.(*conn).serve
	C:/Program Files/Go/src/net/http/server.go:2109
[github.com/flipped-aurora/gin-vue-admin/server]2026-08-20 14:42:59.012	[31merror[0m	C:/Users/18089/Desktop/MSTN/msrc-admin/server/middleware/hrc/member_jwt.go:95	member jwt parse failed	{"node": "", "app_id": "", "env": "", "error": "token signature is invalid: signature is invalid"}
github.com/flipped-aurora/gin-vue-admin/server/middleware/hrc.(*MemberJWT).ParseToken
	C:/Users/18089/Desktop/MSTN/msrc-admin/server/middleware/hrc/member_jwt.go:95
github.com/flipped-aurora/gin-vue-admin/server/router/hrc.(*ResumeRouter).InitResumeRouter.MemberAuth.func1
	C:/Users/18089/Desktop/MSTN/msrc-admin/server/middleware/hrc/member_jwt.go:117
github.com/gin-gonic/gin.(*Context).Next
	C:/Users/18089/go/pkg/mod/github.com/gin-gonic/gin@v1.10.0/context.go:185
github.com/flipped-aurora/gin-vue-admin/server/middleware.UploadResponseHeaders.func1
	C:/Users/18089/Desktop/MSTN/msrc-admin/server/middleware/upload_security.go:25
github.com/gin-gonic/gin.(*Context).Next
	C:/Users/18089/go/pkg/mod/github.com/gin-gonic/gin@v1.10.0/context.go:185
github.com/gin-gonic/gin.LoggerWithConfig.func1
	C:/Users/18089/go/pkg/mod/github.com/gin-gonic/gin@v1.10.0/logger.go:249
github.com/gin-gonic/gin.(*Context).Next
	C:/Users/18089/go/pkg/mod/github.com/gin-gonic/gin@v1.10.0/context.go:185
github.com/flipped-aurora/gin-vue-admin/server/initialize.Routers.AccessLog.func4
	C:/Users/18089/Desktop/MSTN/msrc-admin/server/middleware/access_log.go:73
github.com/gin-gonic/gin.(*Context).Next
	C:/Users/18089/go/pkg/mod/github.com/gin-gonic/gin@v1.10.0/context.go:185
github.com/flipped-aurora/gin-vue-admin/server/initialize.Routers.GinRecovery.func3
	C:/Users/18089/Desktop/MSTN/msrc-admin/server/middleware/error.go:56
github.com/gin-gonic/gin.(*Context).Next
	C:/Users/18089/go/pkg/mod/github.com/gin-gonic/gin@v1.10.0/context.go:185
github.com/flipped-aurora/gin-vue-admin/server/initialize.Routers.RequestMeta.func2
	C:/Users/18089/Desktop/MSTN/msrc-admin/server/middleware/request_meta.go:39
github.com/gin-gonic/gin.(*Context).Next
	C:/Users/18089/go/pkg/mod/github.com/gin-gonic/gin@v1.10.0/context.go:185
github.com/gin-gonic/gin.(*Engine).handleHTTPRequest
	C:/Users/18089/go/pkg/mod/github.com/gin-gonic/gin@v1.10.0/gin.go:633
github.com/gin-gonic/gin.(*Engine).ServeHTTP
	C:/Users/18089/go/pkg/mod/github.com/gin-gonic/gin@v1.10.0/gin.go:589
net/http.serverHandler.ServeHTTP
	C:/Program Files/Go/src/net/http/server.go:3340
net/http.(*conn).serve
	C:/Program Files/Go/src/net/http/server.go:2109
[github.com/flipped-aurora/gin-vue-admin/server]2026-08-20 14:42:59.324	[31merror[0m	C:/Users/18089/Desktop/MSTN/msrc-admin/server/middleware/hrc/member_jwt.go:95	member jwt parse failed	{"node": "", "app_id": "", "env": "", "error": "token signature is invalid: signature is invalid"}
github.com/flipped-aurora/gin-vue-admin/server/middleware/hrc.(*MemberJWT).ParseToken
	C:/Users/18089/Desktop/MSTN/msrc-admin/server/middleware/hrc/member_jwt.go:95
github.com/flipped-aurora/gin-vue-admin/server/router/hrc.(*ResumeRouter).InitResumeRouter.MemberAuth.func1
	C:/Users/18089/Desktop/MSTN/msrc-admin/server/middleware/hrc/member_jwt.go:117
github.com/gin-gonic/gin.(*Context).Next
	C:/Users/18089/go/pkg/mod/github.com/gin-gonic/gin@v1.10.0/context.go:185
github.com/flipped-aurora/gin-vue-admin/server/middleware.UploadResponseHeaders.func1
	C:/Users/18089/Desktop/MSTN/msrc-admin/server/middleware/upload_security.go:25
github.com/gin-gonic/gin.(*Context).Next
	C:/Users/18089/go/pkg/mod/github.com/gin-gonic/gin@v1.10.0/context.go:185
github.com/gin-gonic/gin.LoggerWithConfig.func1
	C:/Users/18089/go/pkg/mod/github.com/gin-gonic/gin@v1.10.0/logger.go:249
github.com/gin-gonic/gin.(*Context).Next
	C:/Users/18089/go/pkg/mod/github.com/gin-gonic/gin@v1.10.0/context.go:185
github.com/flipped-aurora/gin-vue-admin/server/initialize.Routers.AccessLog.func4
	C:/Users/18089/Desktop/MSTN/msrc-admin/server/middleware/access_log.go:73
github.com/gin-gonic/gin.(*Context).Next
	C:/Users/18089/go/pkg/mod/github.com/gin-gonic/gin@v1.10.0/context.go:185
github.com/flipped-aurora/gin-vue-admin/server/initialize.Routers.GinRecovery.func3
	C:/Users/18089/Desktop/MSTN/msrc-admin/server/middleware/error.go:56
github.com/gin-gonic/gin.(*Context).Next
	C:/Users/18089/go/pkg/mod/github.com/gin-gonic/gin@v1.10.0/context.go:185
github.com/flipped-aurora/gin-vue-admin/server/initialize.Routers.RequestMeta.func2
	C:/Users/18089/Desktop/MSTN/msrc-admin/server/middleware/request_meta.go:39
github.com/gin-gonic/gin.(*Context).Next
	C:/Users/18089/go/pkg/mod/github.com/gin-gonic/gin@v1.10.0/context.go:185
github.com/gin-gonic/gin.(*Engine).handleHTTPRequest
	C:/Users/18089/go/pkg/mod/github.com/gin-gonic/gin@v1.10.0/gin.go:633
github.com/gin-gonic/gin.(*Engine).ServeHTTP
	C:/Users/18089/go/pkg/mod/github.com/gin-gonic/gin@v1.10.0/gin.go:589
net/http.serverHandler.ServeHTTP
	C:/Program Files/Go/src/net/http/server.go:3340
net/http.(*conn).serve
	C:/Program Files/Go/src/net/http/server.go:2109
[github.com/flipped-aurora/gin-vue-admin/server]2026-08-20 14:42:59.637	[31merror[0m	C:/Users/18089/Desktop/MSTN/msrc-admin/server/middleware/hrc/member_jwt.go:95	member jwt parse failed	{"node": "", "app_id": "", "env": "", "error": "token signature is invalid: signature is invalid"}
github.com/flipped-aurora/gin-vue-admin/server/middleware/hrc.(*MemberJWT).ParseToken
	C:/Users/18089/Desktop/MSTN/msrc-admin/server/middleware/hrc/member_jwt.go:95
github.com/flipped-aurora/gin-vue-admin/server/router/hrc.(*ResumeRouter).InitResumeRouter.MemberAuth.func1
	C:/Users/18089/Desktop/MSTN/msrc-admin/server/middleware/hrc/member_jwt.go:117
github.com/gin-gonic/gin.(*Context).Next
	C:/Users/18089/go/pkg/mod/github.com/gin-gonic/gin@v1.10.0/context.go:185
github.com/flipped-aurora/gin-vue-admin/server/middleware.UploadResponseHeaders.func1
	C:/Users/18089/Desktop/MSTN/msrc-admin/server/middleware/upload_security.go:25
github.com/gin-gonic/gin.(*Context).Next
	C:/Users/18089/go/pkg/mod/github.com/gin-gonic/gin@v1.10.0/context.go:185
github.com/gin-gonic/gin.LoggerWithConfig.func1
	C:/Users/18089/go/pkg/mod/github.com/gin-gonic/gin@v1.10.0/logger.go:249
github.com/gin-gonic/gin.(*Context).Next
	C:/Users/18089/go/pkg/mod/github.com/gin-gonic/gin@v1.10.0/context.go:185
github.com/flipped-aurora/gin-vue-admin/server/initialize.Routers.AccessLog.func4
	C:/Users/18089/Desktop/MSTN/msrc-admin/server/middleware/access_log.go:73
github.com/gin-gonic/gin.(*Context).Next
	C:/Users/18089/go/pkg/mod/github.com/gin-gonic/gin@v1.10.0/context.go:185
github.com/flipped-aurora/gin-vue-admin/server/initialize.Routers.GinRecovery.func3
	C:/Users/18089/Desktop/MSTN/msrc-admin/server/middleware/error.go:56
github.com/gin-gonic/gin.(*Context).Next
	C:/Users/18089/go/pkg/mod/github.com/gin-gonic/gin@v1.10.0/context.go:185
github.com/flipped-aurora/gin-vue-admin/server/initialize.Routers.RequestMeta.func2
	C:/Users/18089/Desktop/MSTN/msrc-admin/server/middleware/request_meta.go:39
github.com/gin-gonic/gin.(*Context).Next
	C:/Users/18089/go/pkg/mod/github.com/gin-gonic/gin@v1.10.0/context.go:185
github.com/gin-gonic/gin.(*Engine).handleHTTPRequest
	C:/Users/18089/go/pkg/mod/github.com/gin-gonic/gin@v1.10.0/gin.go:633
github.com/gin-gonic/gin.(*Engine).ServeHTTP
	C:/Users/18089/go/pkg/mod/github.com/gin-gonic/gin@v1.10.0/gin.go:589
net/http.serverHandler.ServeHTTP
	C:/Program Files/Go/src/net/http/server.go:3340
net/http.(*conn).serve
	C:/Program Files/Go/src/net/http/server.go:2109
[github.com/flipped-aurora/gin-vue-admin/server]2026-08-20 14:42:59.949	[31merror[0m	C:/Users/18089/Desktop/MSTN/msrc-admin/server/middleware/hrc/member_jwt.go:95	member jwt parse failed	{"node": "", "app_id": "", "env": "", "error": "token signature is invalid: signature is invalid"}
github.com/flipped-aurora/gin-vue-admin/server/middleware/hrc.(*MemberJWT).ParseToken
	C:/Users/18089/Desktop/MSTN/msrc-admin/server/middleware/hrc/member_jwt.go:95
github.com/flipped-aurora/gin-vue-admin/server/router/hrc.(*ResumeRouter).InitResumeRouter.MemberAuth.func1
	C:/Users/18089/Desktop/MSTN/msrc-admin/server/middleware/hrc/member_jwt.go:117
github.com/gin-gonic/gin.(*Context).Next
	C:/Users/18089/go/pkg/mod/github.com/gin-gonic/gin@v1.10.0/context.go:185
github.com/flipped-aurora/gin-vue-admin/server/middleware.UploadResponseHeaders.func1
	C:/Users/18089/Desktop/MSTN/msrc-admin/server/middleware/upload_security.go:25
github.com/gin-gonic/gin.(*Context).Next
	C:/Users/18089/go/pkg/mod/github.com/gin-gonic/gin@v1.10.0/context.go:185
github.com/gin-gonic/gin.LoggerWithConfig.func1
	C:/Users/18089/go/pkg/mod/github.com/gin-gonic/gin@v1.10.0/logger.go:249
github.com/gin-gonic/gin.(*Context).Next
	C:/Users/18089/go/pkg/mod/github.com/gin-gonic/gin@v1.10.0/context.go:185
github.com/flipped-aurora/gin-vue-admin/server/initialize.Routers.AccessLog.func4
	C:/Users/18089/Desktop/MSTN/msrc-admin/server/middleware/access_log.go:73
github.com/gin-gonic/gin.(*Context).Next
	C:/Users/18089/go/pkg/mod/github.com/gin-gonic/gin@v1.10.0/context.go:185
github.com/flipped-aurora/gin-vue-admin/server/initialize.Routers.GinRecovery.func3
	C:/Users/18089/Desktop/MSTN/msrc-admin/server/middleware/error.go:56
github.com/gin-gonic/gin.(*Context).Next
	C:/Users/18089/go/pkg/mod/github.com/gin-gonic/gin@v1.10.0/context.go:185
github.com/flipped-aurora/gin-vue-admin/server/initialize.Routers.RequestMeta.func2
	C:/Users/18089/Desktop/MSTN/msrc-admin/server/middleware/request_meta.go:39
github.com/gin-gonic/gin.(*Context).Next
	C:/Users/18089/go/pkg/mod/github.com/gin-gonic/gin@v1.10.0/context.go:185
github.com/gin-gonic/gin.(*Engine).handleHTTPRequest
	C:/Users/18089/go/pkg/mod/github.com/gin-gonic/gin@v1.10.0/gin.go:633
github.com/gin-gonic/gin.(*Engine).ServeHTTP
	C:/Users/18089/go/pkg/mod/github.com/gin-gonic/gin@v1.10.0/gin.go:589
net/http.serverHandler.ServeHTTP
	C:/Program Files/Go/src/net/http/server.go:3340
net/http.(*conn).serve
	C:/Program Files/Go/src/net/http/server.go:2109
[github.com/flipped-aurora/gin-vue-admin/server]2026-08-20 14:43:00.260	[31merror[0m	C:/Users/18089/Desktop/MSTN/msrc-admin/server/middleware/hrc/member_jwt.go:95	member jwt parse failed	{"node": "", "app_id": "", "env": "", "error": "token signature is invalid: signature is invalid"}
github.com/flipped-aurora/gin-vue-admin/server/middleware/hrc.(*MemberJWT).ParseToken
	C:/Users/18089/Desktop/MSTN/msrc-admin/server/middleware/hrc/member_jwt.go:95
github.com/flipped-aurora/gin-vue-admin/server/router/hrc.(*ResumeRouter).InitResumeRouter.MemberAuth.func1
	C:/Users/18089/Desktop/MSTN/msrc-admin/server/middleware/hrc/member_jwt.go:117
github.com/gin-gonic/gin.(*Context).Next
	C:/Users/18089/go/pkg/mod/github.com/gin-gonic/gin@v1.10.0/context.go:185
github.com/flipped-aurora/gin-vue-admin/server/middleware.UploadResponseHeaders.func1
	C:/Users/18089/Desktop/MSTN/msrc-admin/server/middleware/upload_security.go:25
github.com/gin-gonic/gin.(*Context).Next
	C:/Users/18089/go/pkg/mod/github.com/gin-gonic/gin@v1.10.0/context.go:185
github.com/gin-gonic/gin.LoggerWithConfig.func1
	C:/Users/18089/go/pkg/mod/github.com/gin-gonic/gin@v1.10.0/logger.go:249
github.com/gin-gonic/gin.(*Context).Next
	C:/Users/18089/go/pkg/mod/github.com/gin-gonic/gin@v1.10.0/context.go:185
github.com/flipped-aurora/gin-vue-admin/server/initialize.Routers.AccessLog.func4
	C:/Users/18089/Desktop/MSTN/msrc-admin/server/middleware/access_log.go:73
github.com/gin-gonic/gin.(*Context).Next
	C:/Users/18089/go/pkg/mod/github.com/gin-gonic/gin@v1.10.0/context.go:185
github.com/flipped-aurora/gin-vue-admin/server/initialize.Routers.GinRecovery.func3
	C:/Users/18089/Desktop/MSTN/msrc-admin/server/middleware/error.go:56
github.com/gin-gonic/gin.(*Context).Next
	C:/Users/18089/go/pkg/mod/github.com/gin-gonic/gin@v1.10.0/context.go:185
github.com/flipped-aurora/gin-vue-admin/server/initialize.Routers.RequestMeta.func2
	C:/Users/18089/Desktop/MSTN/msrc-admin/server/middleware/request_meta.go:39
github.com/gin-gonic/gin.(*Context).Next
	C:/Users/18089/go/pkg/mod/github.com/gin-gonic/gin@v1.10.0/context.go:185
github.com/gin-gonic/gin.(*Engine).handleHTTPRequest
	C:/Users/18089/go/pkg/mod/github.com/gin-gonic/gin@v1.10.0/gin.go:633
github.com/gin-gonic/gin.(*Engine).ServeHTTP
	C:/Users/18089/go/pkg/mod/github.com/gin-gonic/gin@v1.10.0/gin.go:589
net/http.serverHandler.ServeHTTP
	C:/Program Files/Go/src/net/http/server.go:3340
net/http.(*conn).serve
	C:/Program Files/Go/src/net/http/server.go:2109
[github.com/flipped-aurora/gin-vue-admin/server]2026-08-20 14:43:00.571	[31merror[0m	C:/Users/18089/Desktop/MSTN/msrc-admin/server/middleware/hrc/member_jwt.go:95	member jwt parse failed	{"node": "", "app_id": "", "env": "", "error": "token signature is invalid: signature is invalid"}
github.com/flipped-aurora/gin-vue-admin/server/middleware/hrc.(*MemberJWT).ParseToken
	C:/Users/18089/Desktop/MSTN/msrc-admin/server/middleware/hrc/member_jwt.go:95
github.com/flipped-aurora/gin-vue-admin/server/router/hrc.(*ResumeRouter).InitResumeRouter.MemberAuth.func1
	C:/Users/18089/Desktop/MSTN/msrc-admin/server/middleware/hrc/member_jwt.go:117
github.com/gin-gonic/gin.(*Context).Next
	C:/Users/18089/go/pkg/mod/github.com/gin-gonic/gin@v1.10.0/context.go:185
github.com/flipped-aurora/gin-vue-admin/server/middleware.UploadResponseHeaders.func1
	C:/Users/18089/Desktop/MSTN/msrc-admin/server/middleware/upload_security.go:25
github.com/gin-gonic/gin.(*Context).Next
	C:/Users/18089/go/pkg/mod/github.com/gin-gonic/gin@v1.10.0/context.go:185
github.com/gin-gonic/gin.LoggerWithConfig.func1
	C:/Users/18089/go/pkg/mod/github.com/gin-gonic/gin@v1.10.0/logger.go:249
github.com/gin-gonic/gin.(*Context).Next
	C:/Users/18089/go/pkg/mod/github.com/gin-gonic/gin@v1.10.0/context.go:185
github.com/flipped-aurora/gin-vue-admin/server/initialize.Routers.AccessLog.func4
	C:/Users/18089/Desktop/MSTN/msrc-admin/server/middleware/access_log.go:73
github.com/gin-gonic/gin.(*Context).Next
	C:/Users/18089/go/pkg/mod/github.com/gin-gonic/gin@v1.10.0/context.go:185
github.com/flipped-aurora/gin-vue-admin/server/initialize.Routers.GinRecovery.func3
	C:/Users/18089/Desktop/MSTN/msrc-admin/server/middleware/error.go:56
github.com/gin-gonic/gin.(*Context).Next
	C:/Users/18089/go/pkg/mod/github.com/gin-gonic/gin@v1.10.0/context.go:185
github.com/flipped-aurora/gin-vue-admin/server/initialize.Routers.RequestMeta.func2
	C:/Users/18089/Desktop/MSTN/msrc-admin/server/middleware/request_meta.go:39
github.com/gin-gonic/gin.(*Context).Next
	C:/Users/18089/go/pkg/mod/github.com/gin-gonic/gin@v1.10.0/context.go:185
github.com/gin-gonic/gin.(*Engine).handleHTTPRequest
	C:/Users/18089/go/pkg/mod/github.com/gin-gonic/gin@v1.10.0/gin.go:633
github.com/gin-gonic/gin.(*Engine).ServeHTTP
	C:/Users/18089/go/pkg/mod/github.com/gin-gonic/gin@v1.10.0/gin.go:589
net/http.serverHandler.ServeHTTP
	C:/Program Files/Go/src/net/http/server.go:3340
net/http.(*conn).serve
	C:/Program Files/Go/src/net/http/server.go:2109
[github.com/flipped-aurora/gin-vue-admin/server]2026-08-20 14:43:00.885	[31merror[0m	C:/Users/18089/Desktop/MSTN/msrc-admin/server/middleware/hrc/member_jwt.go:95	member jwt parse failed	{"node": "", "app_id": "", "env": "", "error": "token signature is invalid: signature is invalid"}
github.com/flipped-aurora/gin-vue-admin/server/middleware/hrc.(*MemberJWT).ParseToken
	C:/Users/18089/Desktop/MSTN/msrc-admin/server/middleware/hrc/member_jwt.go:95
github.com/flipped-aurora/gin-vue-admin/server/router/hrc.(*ResumeRouter).InitResumeRouter.MemberAuth.func1
	C:/Users/18089/Desktop/MSTN/msrc-admin/server/middleware/hrc/member_jwt.go:117
github.com/gin-gonic/gin.(*Context).Next
	C:/Users/18089/go/pkg/mod/github.com/gin-gonic/gin@v1.10.0/context.go:185
github.com/flipped-aurora/gin-vue-admin/server/middleware.UploadResponseHeaders.func1
	C:/Users/18089/Desktop/MSTN/msrc-admin/server/middleware/upload_security.go:25
github.com/gin-gonic/gin.(*Context).Next
	C:/Users/18089/go/pkg/mod/github.com/gin-gonic/gin@v1.10.0/context.go:185
github.com/gin-gonic/gin.LoggerWithConfig.func1
	C:/Users/18089/go/pkg/mod/github.com/gin-gonic/gin@v1.10.0/logger.go:249
github.com/gin-gonic/gin.(*Context).Next
	C:/Users/18089/go/pkg/mod/github.com/gin-gonic/gin@v1.10.0/context.go:185
github.com/flipped-aurora/gin-vue-admin/server/initialize.Routers.AccessLog.func4
	C:/Users/18089/Desktop/MSTN/msrc-admin/server/middleware/access_log.go:73
github.com/gin-gonic/gin.(*Context).Next
	C:/Users/18089/go/pkg/mod/github.com/gin-gonic/gin@v1.10.0/context.go:185
github.com/flipped-aurora/gin-vue-admin/server/initialize.Routers.GinRecovery.func3
	C:/Users/18089/Desktop/MSTN/msrc-admin/server/middleware/error.go:56
github.com/gin-gonic/gin.(*Context).Next
	C:/Users/18089/go/pkg/mod/github.com/gin-gonic/gin@v1.10.0/context.go:185
github.com/flipped-aurora/gin-vue-admin/server/initialize.Routers.RequestMeta.func2
	C:/Users/18089/Desktop/MSTN/msrc-admin/server/middleware/request_meta.go:39
github.com/gin-gonic/gin.(*Context).Next
	C:/Users/18089/go/pkg/mod/github.com/gin-gonic/gin@v1.10.0/context.go:185
github.com/gin-gonic/gin.(*Engine).handleHTTPRequest
	C:/Users/18089/go/pkg/mod/github.com/gin-gonic/gin@v1.10.0/gin.go:633
github.com/gin-gonic/gin.(*Engine).ServeHTTP
	C:/Users/18089/go/pkg/mod/github.com/gin-gonic/gin@v1.10.0/gin.go:589
net/http.serverHandler.ServeHTTP
	C:/Program Files/Go/src/net/http/server.go:3340
net/http.(*conn).serve
	C:/Program Files/Go/src/net/http/server.go:2109
[github.com/flipped-aurora/gin-vue-admin/server]2026-08-20 14:43:01.198	[31merror[0m	C:/Users/18089/Desktop/MSTN/msrc-admin/server/middleware/hrc/member_jwt.go:95	member jwt parse failed	{"node": "", "app_id": "", "env": "", "error": "token signature is invalid: signature is invalid"}
github.com/flipped-aurora/gin-vue-admin/server/middleware/hrc.(*MemberJWT).ParseToken
	C:/Users/18089/Desktop/MSTN/msrc-admin/server/middleware/hrc/member_jwt.go:95
github.com/flipped-aurora/gin-vue-admin/server/router/hrc.(*ResumeRouter).InitResumeRouter.MemberAuth.func1
	C:/Users/18089/Desktop/MSTN/msrc-admin/server/middleware/hrc/member_jwt.go:117
github.com/gin-gonic/gin.(*Context).Next
	C:/Users/18089/go/pkg/mod/github.com/gin-gonic/gin@v1.10.0/context.go:185
github.com/flipped-aurora/gin-vue-admin/server/middleware.UploadResponseHeaders.func1
	C:/Users/18089/Desktop/MSTN/msrc-admin/server/middleware/upload_security.go:25
github.com/gin-gonic/gin.(*Context).Next
	C:/Users/18089/go/pkg/mod/github.com/gin-gonic/gin@v1.10.0/context.go:185
github.com/gin-gonic/gin.LoggerWithConfig.func1
	C:/Users/18089/go/pkg/mod/github.com/gin-gonic/gin@v1.10.0/logger.go:249
github.com/gin-gonic/gin.(*Context).Next
	C:/Users/18089/go/pkg/mod/github.com/gin-gonic/gin@v1.10.0/context.go:185
github.com/flipped-aurora/gin-vue-admin/server/initialize.Routers.AccessLog.func4
	C:/Users/18089/Desktop/MSTN/msrc-admin/server/middleware/access_log.go:73
github.com/gin-gonic/gin.(*Context).Next
	C:/Users/18089/go/pkg/mod/github.com/gin-gonic/gin@v1.10.0/context.go:185
github.com/flipped-aurora/gin-vue-admin/server/initialize.Routers.GinRecovery.func3
	C:/Users/18089/Desktop/MSTN/msrc-admin/server/middleware/error.go:56
github.com/gin-gonic/gin.(*Context).Next
	C:/Users/18089/go/pkg/mod/github.com/gin-gonic/gin@v1.10.0/context.go:185
github.com/flipped-aurora/gin-vue-admin/server/initialize.Routers.RequestMeta.func2
	C:/Users/18089/Desktop/MSTN/msrc-admin/server/middleware/request_meta.go:39
github.com/gin-gonic/gin.(*Context).Next
	C:/Users/18089/go/pkg/mod/github.com/gin-gonic/gin@v1.10.0/context.go:185
github.com/gin-gonic/gin.(*Engine).handleHTTPRequest
	C:/Users/18089/go/pkg/mod/github.com/gin-gonic/gin@v1.10.0/gin.go:633
github.com/gin-gonic/gin.(*Engine).ServeHTTP
	C:/Users/18089/go/pkg/mod/github.com/gin-gonic/gin@v1.10.0/gin.go:589
net/http.serverHandler.ServeHTTP
	C:/Program Files/Go/src/net/http/server.go:3340
net/http.(*conn).serve
	C:/Program Files/Go/src/net/http/server.go:2109
[github.com/flipped-aurora/gin-vue-admin/server]2026-08-20 14:43:01.513	[31merror[0m	C:/Users/18089/Desktop/MSTN/msrc-admin/server/middleware/hrc/member_jwt.go:95	member jwt parse failed	{"node": "", "app_id": "", "env": "", "error": "token signature is invalid: signature is invalid"}
github.com/flipped-aurora/gin-vue-admin/server/middleware/hrc.(*MemberJWT).ParseToken
	C:/Users/18089/Desktop/MSTN/msrc-admin/server/middleware/hrc/member_jwt.go:95
github.com/flipped-aurora/gin-vue-admin/server/router/hrc.(*ResumeRouter).InitResumeRouter.MemberAuth.func1
	C:/Users/18089/Desktop/MSTN/msrc-admin/server/middleware/hrc/member_jwt.go:117
github.com/gin-gonic/gin.(*Context).Next
	C:/Users/18089/go/pkg/mod/github.com/gin-gonic/gin@v1.10.0/context.go:185
github.com/flipped-aurora/gin-vue-admin/server/middleware.UploadResponseHeaders.func1
	C:/Users/18089/Desktop/MSTN/msrc-admin/server/middleware/upload_security.go:25
github.com/gin-gonic/gin.(*Context).Next
	C:/Users/18089/go/pkg/mod/github.com/gin-gonic/gin@v1.10.0/context.go:185
github.com/gin-gonic/gin.LoggerWithConfig.func1
	C:/Users/18089/go/pkg/mod/github.com/gin-gonic/gin@v1.10.0/logger.go:249
github.com/gin-gonic/gin.(*Context).Next
	C:/Users/18089/go/pkg/mod/github.com/gin-gonic/gin@v1.10.0/context.go:185
github.com/flipped-aurora/gin-vue-admin/server/initialize.Routers.AccessLog.func4
	C:/Users/18089/Desktop/MSTN/msrc-admin/server/middleware/access_log.go:73
github.com/gin-gonic/gin.(*Context).Next
	C:/Users/18089/go/pkg/mod/github.com/gin-gonic/gin@v1.10.0/context.go:185
github.com/flipped-aurora/gin-vue-admin/server/initialize.Routers.GinRecovery.func3
	C:/Users/18089/Desktop/MSTN/msrc-admin/server/middleware/error.go:56
github.com/gin-gonic/gin.(*Context).Next
	C:/Users/18089/go/pkg/mod/github.com/gin-gonic/gin@v1.10.0/context.go:185
github.com/flipped-aurora/gin-vue-admin/server/initialize.Routers.RequestMeta.func2
	C:/Users/18089/Desktop/MSTN/msrc-admin/server/middleware/request_meta.go:39
github.com/gin-gonic/gin.(*Context).Next
	C:/Users/18089/go/pkg/mod/github.com/gin-gonic/gin@v1.10.0/context.go:185
github.com/gin-gonic/gin.(*Engine).handleHTTPRequest
	C:/Users/18089/go/pkg/mod/github.com/gin-gonic/gin@v1.10.0/gin.go:633
github.com/gin-gonic/gin.(*Engine).ServeHTTP
	C:/Users/18089/go/pkg/mod/github.com/gin-gonic/gin@v1.10.0/gin.go:589
net/http.serverHandler.ServeHTTP
	C:/Program Files/Go/src/net/http/server.go:3340
net/http.(*conn).serve
	C:/Program Files/Go/src/net/http/server.go:2109
[github.com/flipped-aurora/gin-vue-admin/server]2026-08-20 14:43:01.825	[31merror[0m	C:/Users/18089/Desktop/MSTN/msrc-admin/server/middleware/hrc/member_jwt.go:95	member jwt parse failed	{"node": "", "app_id": "", "env": "", "error": "token signature is invalid: signature is invalid"}
github.com/flipped-aurora/gin-vue-admin/server/middleware/hrc.(*MemberJWT).ParseToken
	C:/Users/18089/Desktop/MSTN/msrc-admin/server/middleware/hrc/member_jwt.go:95
github.com/flipped-aurora/gin-vue-admin/server/router/hrc.(*ResumeRouter).InitResumeRouter.MemberAuth.func1
	C:/Users/18089/Desktop/MSTN/msrc-admin/server/middleware/hrc/member_jwt.go:117
github.com/gin-gonic/gin.(*Context).Next
	C:/Users/18089/go/pkg/mod/github.com/gin-gonic/gin@v1.10.0/context.go:185
github.com/flipped-aurora/gin-vue-admin/server/middleware.UploadResponseHeaders.func1
	C:/Users/18089/Desktop/MSTN/msrc-admin/server/middleware/upload_security.go:25
github.com/gin-gonic/gin.(*Context).Next
	C:/Users/18089/go/pkg/mod/github.com/gin-gonic/gin@v1.10.0/context.go:185
github.com/gin-gonic/gin.LoggerWithConfig.func1
	C:/Users/18089/go/pkg/mod/github.com/gin-gonic/gin@v1.10.0/logger.go:249
github.com/gin-gonic/gin.(*Context).Next
	C:/Users/18089/go/pkg/mod/github.com/gin-gonic/gin@v1.10.0/context.go:185
github.com/flipped-aurora/gin-vue-admin/server/initialize.Routers.AccessLog.func4
	C:/Users/18089/Desktop/MSTN/msrc-admin/server/middleware/access_log.go:73
github.com/gin-gonic/gin.(*Context).Next
	C:/Users/18089/go/pkg/mod/github.com/gin-gonic/gin@v1.10.0/context.go:185
github.com/flipped-aurora/gin-vue-admin/server/initialize.Routers.GinRecovery.func3
	C:/Users/18089/Desktop/MSTN/msrc-admin/server/middleware/error.go:56
github.com/gin-gonic/gin.(*Context).Next
	C:/Users/18089/go/pkg/mod/github.com/gin-gonic/gin@v1.10.0/context.go:185
github.com/flipped-aurora/gin-vue-admin/server/initialize.Routers.RequestMeta.func2
	C:/Users/18089/Desktop/MSTN/msrc-admin/server/middleware/request_meta.go:39
github.com/gin-gonic/gin.(*Context).Next
	C:/Users/18089/go/pkg/mod/github.com/gin-gonic/gin@v1.10.0/context.go:185
github.com/gin-gonic/gin.(*Engine).handleHTTPRequest
	C:/Users/18089/go/pkg/mod/github.com/gin-gonic/gin@v1.10.0/gin.go:633
github.com/gin-gonic/gin.(*Engine).ServeHTTP
	C:/Users/18089/go/pkg/mod/github.com/gin-gonic/gin@v1.10.0/gin.go:589
net/http.serverHandler.ServeHTTP
	C:/Program Files/Go/src/net/http/server.go:3340
net/http.(*conn).serve
	C:/Program Files/Go/src/net/http/server.go:2109
[github.com/flipped-aurora/gin-vue-admin/server]2026-08-20 14:43:02.137	[31merror[0m	C:/Users/18089/Desktop/MSTN/msrc-admin/server/middleware/hrc/member_jwt.go:95	member jwt parse failed	{"node": "", "app_id": "", "env": "", "error": "token signature is invalid: signature is invalid"}
github.com/flipped-aurora/gin-vue-admin/server/middleware/hrc.(*MemberJWT).ParseToken
	C:/Users/18089/Desktop/MSTN/msrc-admin/server/middleware/hrc/member_jwt.go:95
github.com/flipped-aurora/gin-vue-admin/server/router/hrc.(*ResumeRouter).InitResumeRouter.MemberAuth.func1
	C:/Users/18089/Desktop/MSTN/msrc-admin/server/middleware/hrc/member_jwt.go:117
github.com/gin-gonic/gin.(*Context).Next
	C:/Users/18089/go/pkg/mod/github.com/gin-gonic/gin@v1.10.0/context.go:185
github.com/flipped-aurora/gin-vue-admin/server/middleware.UploadResponseHeaders.func1
	C:/Users/18089/Desktop/MSTN/msrc-admin/server/middleware/upload_security.go:25
github.com/gin-gonic/gin.(*Context).Next
	C:/Users/18089/go/pkg/mod/github.com/gin-gonic/gin@v1.10.0/context.go:185
github.com/gin-gonic/gin.LoggerWithConfig.func1
	C:/Users/18089/go/pkg/mod/github.com/gin-gonic/gin@v1.10.0/logger.go:249
github.com/gin-gonic/gin.(*Context).Next
	C:/Users/18089/go/pkg/mod/github.com/gin-gonic/gin@v1.10.0/context.go:185
github.com/flipped-aurora/gin-vue-admin/server/initialize.Routers.AccessLog.func4
	C:/Users/18089/Desktop/MSTN/msrc-admin/server/middleware/access_log.go:73
github.com/gin-gonic/gin.(*Context).Next
	C:/Users/18089/go/pkg/mod/github.com/gin-gonic/gin@v1.10.0/context.go:185
github.com/flipped-aurora/gin-vue-admin/server/initialize.Routers.GinRecovery.func3
	C:/Users/18089/Desktop/MSTN/msrc-admin/server/middleware/error.go:56
github.com/gin-gonic/gin.(*Context).Next
	C:/Users/18089/go/pkg/mod/github.com/gin-gonic/gin@v1.10.0/context.go:185
github.com/flipped-aurora/gin-vue-admin/server/initialize.Routers.RequestMeta.func2
	C:/Users/18089/Desktop/MSTN/msrc-admin/server/middleware/request_meta.go:39
github.com/gin-gonic/gin.(*Context).Next
	C:/Users/18089/go/pkg/mod/github.com/gin-gonic/gin@v1.10.0/context.go:185
github.com/gin-gonic/gin.(*Engine).handleHTTPRequest
	C:/Users/18089/go/pkg/mod/github.com/gin-gonic/gin@v1.10.0/gin.go:633
github.com/gin-gonic/gin.(*Engine).ServeHTTP
	C:/Users/18089/go/pkg/mod/github.com/gin-gonic/gin@v1.10.0/gin.go:589
net/http.serverHandler.ServeHTTP
	C:/Program Files/Go/src/net/http/server.go:3340
net/http.(*conn).serve
	C:/Program Files/Go/src/net/http/server.go:2109
[github.com/flipped-aurora/gin-vue-admin/server]2026-08-20 14:43:02.450	[31merror[0m	C:/Users/18089/Desktop/MSTN/msrc-admin/server/middleware/hrc/member_jwt.go:95	member jwt parse failed	{"node": "", "app_id": "", "env": "", "error": "token signature is invalid: signature is invalid"}
github.com/flipped-aurora/gin-vue-admin/server/middleware/hrc.(*MemberJWT).ParseToken
	C:/Users/18089/Desktop/MSTN/msrc-admin/server/middleware/hrc/member_jwt.go:95
github.com/flipped-aurora/gin-vue-admin/server/router/hrc.(*ResumeRouter).InitResumeRouter.MemberAuth.func1
	C:/Users/18089/Desktop/MSTN/msrc-admin/server/middleware/hrc/member_jwt.go:117
github.com/gin-gonic/gin.(*Context).Next
	C:/Users/18089/go/pkg/mod/github.com/gin-gonic/gin@v1.10.0/context.go:185
github.com/flipped-aurora/gin-vue-admin/server/middleware.UploadResponseHeaders.func1
	C:/Users/18089/Desktop/MSTN/msrc-admin/server/middleware/upload_security.go:25
github.com/gin-gonic/gin.(*Context).Next
	C:/Users/18089/go/pkg/mod/github.com/gin-gonic/gin@v1.10.0/context.go:185
github.com/gin-gonic/gin.LoggerWithConfig.func1
	C:/Users/18089/go/pkg/mod/github.com/gin-gonic/gin@v1.10.0/logger.go:249
github.com/gin-gonic/gin.(*Context).Next
	C:/Users/18089/go/pkg/mod/github.com/gin-gonic/gin@v1.10.0/context.go:185
github.com/flipped-aurora/gin-vue-admin/server/initialize.Routers.AccessLog.func4
	C:/Users/18089/Desktop/MSTN/msrc-admin/server/middleware/access_log.go:73
github.com/gin-gonic/gin.(*Context).Next
	C:/Users/18089/go/pkg/mod/github.com/gin-gonic/gin@v1.10.0/context.go:185
github.com/flipped-aurora/gin-vue-admin/server/initialize.Routers.GinRecovery.func3
	C:/Users/18089/Desktop/MSTN/msrc-admin/server/middleware/error.go:56
github.com/gin-gonic/gin.(*Context).Next
	C:/Users/18089/go/pkg/mod/github.com/gin-gonic/gin@v1.10.0/context.go:185
github.com/flipped-aurora/gin-vue-admin/server/initialize.Routers.RequestMeta.func2
	C:/Users/18089/Desktop/MSTN/msrc-admin/server/middleware/request_meta.go:39
github.com/gin-gonic/gin.(*Context).Next
	C:/Users/18089/go/pkg/mod/github.com/gin-gonic/gin@v1.10.0/context.go:185
github.com/gin-gonic/gin.(*Engine).handleHTTPRequest
	C:/Users/18089/go/pkg/mod/github.com/gin-gonic/gin@v1.10.0/gin.go:633
github.com/gin-gonic/gin.(*Engine).ServeHTTP
	C:/Users/18089/go/pkg/mod/github.com/gin-gonic/gin@v1.10.0/gin.go:589
net/http.serverHandler.ServeHTTP
	C:/Program Files/Go/src/net/http/server.go:3340
net/http.(*conn).serve
	C:/Program Files/Go/src/net/http/server.go:2109
[github.com/flipped-aurora/gin-vue-admin/server]2026-08-20 16:48:51.005	[31merror[0m	C:/Users/18089/Desktop/MSTN/msrc-admin/server/middleware/hrc/member_jwt.go:95	member jwt parse failed	{"node": "", "app_id": "", "env": "", "error": "token signature is invalid: signature is invalid"}
github.com/flipped-aurora/gin-vue-admin/server/middleware/hrc.(*MemberJWT).ParseToken
	C:/Users/18089/Desktop/MSTN/msrc-admin/server/middleware/hrc/member_jwt.go:95
github.com/flipped-aurora/gin-vue-admin/server/router/hrc.(*ApplyRouter).InitApplyRouter.MemberAuth.func1
	C:/Users/18089/Desktop/MSTN/msrc-admin/server/middleware/hrc/member_jwt.go:117
github.com/gin-gonic/gin.(*Context).Next
	C:/Users/18089/go/pkg/mod/github.com/gin-gonic/gin@v1.10.0/context.go:185
github.com/flipped-aurora/gin-vue-admin/server/middleware.UploadResponseHeaders.func1
	C:/Users/18089/Desktop/MSTN/msrc-admin/server/middleware/upload_security.go:25
github.com/gin-gonic/gin.(*Context).Next
	C:/Users/18089/go/pkg/mod/github.com/gin-gonic/gin@v1.10.0/context.go:185
github.com/gin-gonic/gin.LoggerWithConfig.func1
	C:/Users/18089/go/pkg/mod/github.com/gin-gonic/gin@v1.10.0/logger.go:249
github.com/gin-gonic/gin.(*Context).Next
	C:/Users/18089/go/pkg/mod/github.com/gin-gonic/gin@v1.10.0/context.go:185
github.com/flipped-aurora/gin-vue-admin/server/initialize.Routers.AccessLog.func4
	C:/Users/18089/Desktop/MSTN/msrc-admin/server/middleware/access_log.go:73
github.com/gin-gonic/gin.(*Context).Next
	C:/Users/18089/go/pkg/mod/github.com/gin-gonic/gin@v1.10.0/context.go:185
github.com/flipped-aurora/gin-vue-admin/server/initialize.Routers.GinRecovery.func3
	C:/Users/18089/Desktop/MSTN/msrc-admin/server/middleware/error.go:56
github.com/gin-gonic/gin.(*Context).Next
	C:/Users/18089/go/pkg/mod/github.com/gin-gonic/gin@v1.10.0/context.go:185
github.com/flipped-aurora/gin-vue-admin/server/initialize.Routers.RequestMeta.func2
	C:/Users/18089/Desktop/MSTN/msrc-admin/server/middleware/request_meta.go:39
github.com/gin-gonic/gin.(*Context).Next
	C:/Users/18089/go/pkg/mod/github.com/gin-gonic/gin@v1.10.0/context.go:185
github.com/gin-gonic/gin.(*Engine).handleHTTPRequest
	C:/Users/18089/go/pkg/mod/github.com/gin-gonic/gin@v1.10.0/gin.go:633
github.com/gin-gonic/gin.(*Engine).ServeHTTP
	C:/Users/18089/go/pkg/mod/github.com/gin-gonic/gin@v1.10.0/gin.go:589
net/http.serverHandler.ServeHTTP
	C:/Program Files/Go/src/net/http/server.go:3340
net/http.(*conn).serve
	C:/Program Files/Go/src/net/http/server.go:2109
[github.com/flipped-aurora/gin-vue-admin/server]2026-08-20 16:48:51.754	[31merror[0m	C:/Users/18089/Desktop/MSTN/msrc-admin/server/middleware/hrc/member_jwt.go:95	member jwt parse failed	{"node": "", "app_id": "", "env": "", "error": "token signature is invalid: signature is invalid"}
github.com/flipped-aurora/gin-vue-admin/server/middleware/hrc.(*MemberJWT).ParseToken
	C:/Users/18089/Desktop/MSTN/msrc-admin/server/middleware/hrc/member_jwt.go:95
github.com/flipped-aurora/gin-vue-admin/server/router/hrc.(*ProfileRouter).InitProfileRouter.MemberAuth.func3
	C:/Users/18089/Desktop/MSTN/msrc-admin/server/middleware/hrc/member_jwt.go:117
github.com/gin-gonic/gin.(*Context).Next
	C:/Users/18089/go/pkg/mod/github.com/gin-gonic/gin@v1.10.0/context.go:185
github.com/flipped-aurora/gin-vue-admin/server/middleware.UploadResponseHeaders.func1
	C:/Users/18089/Desktop/MSTN/msrc-admin/server/middleware/upload_security.go:25
github.com/gin-gonic/gin.(*Context).Next
	C:/Users/18089/go/pkg/mod/github.com/gin-gonic/gin@v1.10.0/context.go:185
github.com/gin-gonic/gin.LoggerWithConfig.func1
	C:/Users/18089/go/pkg/mod/github.com/gin-gonic/gin@v1.10.0/logger.go:249
github.com/gin-gonic/gin.(*Context).Next
	C:/Users/18089/go/pkg/mod/github.com/gin-gonic/gin@v1.10.0/context.go:185
github.com/flipped-aurora/gin-vue-admin/server/initialize.Routers.AccessLog.func4
	C:/Users/18089/Desktop/MSTN/msrc-admin/server/middleware/access_log.go:73
github.com/gin-gonic/gin.(*Context).Next
	C:/Users/18089/go/pkg/mod/github.com/gin-gonic/gin@v1.10.0/context.go:185
github.com/flipped-aurora/gin-vue-admin/server/initialize.Routers.GinRecovery.func3
	C:/Users/18089/Desktop/MSTN/msrc-admin/server/middleware/error.go:56
github.com/gin-gonic/gin.(*Context).Next
	C:/Users/18089/go/pkg/mod/github.com/gin-gonic/gin@v1.10.0/context.go:185
github.com/flipped-aurora/gin-vue-admin/server/initialize.Routers.RequestMeta.func2
	C:/Users/18089/Desktop/MSTN/msrc-admin/server/middleware/request_meta.go:39
github.com/gin-gonic/gin.(*Context).Next
	C:/Users/18089/go/pkg/mod/github.com/gin-gonic/gin@v1.10.0/context.go:185
github.com/gin-gonic/gin.(*Engine).handleHTTPRequest
	C:/Users/18089/go/pkg/mod/github.com/gin-gonic/gin@v1.10.0/gin.go:633
github.com/gin-gonic/gin.(*Engine).ServeHTTP
	C:/Users/18089/go/pkg/mod/github.com/gin-gonic/gin@v1.10.0/gin.go:589
net/http.serverHandler.ServeHTTP
	C:/Program Files/Go/src/net/http/server.go:3340
net/http.(*conn).serve
	C:/Program Files/Go/src/net/http/server.go:2109
[github.com/flipped-aurora/gin-vue-admin/server]2026-08-20 16:55:24.741	[31merror[0m	C:/Users/18089/Desktop/MSTN/msrc-admin/server/middleware/hrc/member_jwt.go:95	member jwt parse failed	{"node": "", "app_id": "", "env": "", "error": "token signature is invalid: signature is invalid"}
github.com/flipped-aurora/gin-vue-admin/server/middleware/hrc.(*MemberJWT).ParseToken
	C:/Users/18089/Desktop/MSTN/msrc-admin/server/middleware/hrc/member_jwt.go:95
github.com/flipped-aurora/gin-vue-admin/server/router/hrc.(*ApplyRouter).InitApplyRouter.MemberAuth.func1
	C:/Users/18089/Desktop/MSTN/msrc-admin/server/middleware/hrc/member_jwt.go:117
github.com/gin-gonic/gin.(*Context).Next
	C:/Users/18089/go/pkg/mod/github.com/gin-gonic/gin@v1.10.0/context.go:185
github.com/flipped-aurora/gin-vue-admin/server/middleware.UploadResponseHeaders.func1
	C:/Users/18089/Desktop/MSTN/msrc-admin/server/middleware/upload_security.go:25
github.com/gin-gonic/gin.(*Context).Next
	C:/Users/18089/go/pkg/mod/github.com/gin-gonic/gin@v1.10.0/context.go:185
github.com/gin-gonic/gin.LoggerWithConfig.func1
	C:/Users/18089/go/pkg/mod/github.com/gin-gonic/gin@v1.10.0/logger.go:249
github.com/gin-gonic/gin.(*Context).Next
	C:/Users/18089/go/pkg/mod/github.com/gin-gonic/gin@v1.10.0/context.go:185
github.com/flipped-aurora/gin-vue-admin/server/initialize.Routers.AccessLog.func4
	C:/Users/18089/Desktop/MSTN/msrc-admin/server/middleware/access_log.go:73
github.com/gin-gonic/gin.(*Context).Next
	C:/Users/18089/go/pkg/mod/github.com/gin-gonic/gin@v1.10.0/context.go:185
github.com/flipped-aurora/gin-vue-admin/server/initialize.Routers.GinRecovery.func3
	C:/Users/18089/Desktop/MSTN/msrc-admin/server/middleware/error.go:56
github.com/gin-gonic/gin.(*Context).Next
	C:/Users/18089/go/pkg/mod/github.com/gin-gonic/gin@v1.10.0/context.go:185
github.com/flipped-aurora/gin-vue-admin/server/initialize.Routers.RequestMeta.func2
	C:/Users/18089/Desktop/MSTN/msrc-admin/server/middleware/request_meta.go:39
github.com/gin-gonic/gin.(*Context).Next
	C:/Users/18089/go/pkg/mod/github.com/gin-gonic/gin@v1.10.0/context.go:185
github.com/gin-gonic/gin.(*Engine).handleHTTPRequest
	C:/Users/18089/go/pkg/mod/github.com/gin-gonic/gin@v1.10.0/gin.go:633
github.com/gin-gonic/gin.(*Engine).ServeHTTP
	C:/Users/18089/go/pkg/mod/github.com/gin-gonic/gin@v1.10.0/gin.go:589
net/http.serverHandler.ServeHTTP
	C:/Program Files/Go/src/net/http/server.go:3340
net/http.(*conn).serve
	C:/Program Files/Go/src/net/http/server.go:2109
[github.com/flipped-aurora/gin-vue-admin/server]2026-08-20 16:55:25.487	[31merror[0m	C:/Users/18089/Desktop/MSTN/msrc-admin/server/middleware/hrc/member_jwt.go:95	member jwt parse failed	{"node": "", "app_id": "", "env": "", "error": "token signature is invalid: signature is invalid"}
github.com/flipped-aurora/gin-vue-admin/server/middleware/hrc.(*MemberJWT).ParseToken
	C:/Users/18089/Desktop/MSTN/msrc-admin/server/middleware/hrc/member_jwt.go:95
github.com/flipped-aurora/gin-vue-admin/server/router/hrc.(*ProfileRouter).InitProfileRouter.MemberAuth.func3
	C:/Users/18089/Desktop/MSTN/msrc-admin/server/middleware/hrc/member_jwt.go:117
github.com/gin-gonic/gin.(*Context).Next
	C:/Users/18089/go/pkg/mod/github.com/gin-gonic/gin@v1.10.0/context.go:185
github.com/flipped-aurora/gin-vue-admin/server/middleware.UploadResponseHeaders.func1
	C:/Users/18089/Desktop/MSTN/msrc-admin/server/middleware/upload_security.go:25
github.com/gin-gonic/gin.(*Context).Next
	C:/Users/18089/go/pkg/mod/github.com/gin-gonic/gin@v1.10.0/context.go:185
github.com/gin-gonic/gin.LoggerWithConfig.func1
	C:/Users/18089/go/pkg/mod/github.com/gin-gonic/gin@v1.10.0/logger.go:249
github.com/gin-gonic/gin.(*Context).Next
	C:/Users/18089/go/pkg/mod/github.com/gin-gonic/gin@v1.10.0/context.go:185
github.com/flipped-aurora/gin-vue-admin/server/initialize.Routers.AccessLog.func4
	C:/Users/18089/Desktop/MSTN/msrc-admin/server/middleware/access_log.go:73
github.com/gin-gonic/gin.(*Context).Next
	C:/Users/18089/go/pkg/mod/github.com/gin-gonic/gin@v1.10.0/context.go:185
github.com/flipped-aurora/gin-vue-admin/server/initialize.Routers.GinRecovery.func3
	C:/Users/18089/Desktop/MSTN/msrc-admin/server/middleware/error.go:56
github.com/gin-gonic/gin.(*Context).Next
	C:/Users/18089/go/pkg/mod/github.com/gin-gonic/gin@v1.10.0/context.go:185
github.com/flipped-aurora/gin-vue-admin/server/initialize.Routers.RequestMeta.func2
	C:/Users/18089/Desktop/MSTN/msrc-admin/server/middleware/request_meta.go:39
github.com/gin-gonic/gin.(*Context).Next
	C:/Users/18089/go/pkg/mod/github.com/gin-gonic/gin@v1.10.0/context.go:185
github.com/gin-gonic/gin.(*Engine).handleHTTPRequest
	C:/Users/18089/go/pkg/mod/github.com/gin-gonic/gin@v1.10.0/gin.go:633
github.com/gin-gonic/gin.(*Engine).ServeHTTP
	C:/Users/18089/go/pkg/mod/github.com/gin-gonic/gin@v1.10.0/gin.go:589
net/http.serverHandler.ServeHTTP
	C:/Program Files/Go/src/net/http/server.go:3340
net/http.(*conn).serve
	C:/Program Files/Go/src/net/http/server.go:2109
[github.com/flipped-aurora/gin-vue-admin/server]2026-08-20 17:12:47.157	[31merror[0m	C:/Users/18089/Desktop/MSTN/msrc-admin/server/middleware/hrc/member_jwt.go:95	member jwt parse failed	{"node": "", "app_id": "", "env": "", "error": "token signature is invalid: signature is invalid"}
github.com/flipped-aurora/gin-vue-admin/server/middleware/hrc.(*MemberJWT).ParseToken
	C:/Users/18089/Desktop/MSTN/msrc-admin/server/middleware/hrc/member_jwt.go:95
github.com/flipped-aurora/gin-vue-admin/server/router/hrc.(*ApplyRouter).InitApplyRouter.MemberAuth.func1
	C:/Users/18089/Desktop/MSTN/msrc-admin/server/middleware/hrc/member_jwt.go:117
github.com/gin-gonic/gin.(*Context).Next
	C:/Users/18089/go/pkg/mod/github.com/gin-gonic/gin@v1.10.0/context.go:185
github.com/flipped-aurora/gin-vue-admin/server/middleware.UploadResponseHeaders.func1
	C:/Users/18089/Desktop/MSTN/msrc-admin/server/middleware/upload_security.go:25
github.com/gin-gonic/gin.(*Context).Next
	C:/Users/18089/go/pkg/mod/github.com/gin-gonic/gin@v1.10.0/context.go:185
github.com/gin-gonic/gin.LoggerWithConfig.func1
	C:/Users/18089/go/pkg/mod/github.com/gin-gonic/gin@v1.10.0/logger.go:249
github.com/gin-gonic/gin.(*Context).Next
	C:/Users/18089/go/pkg/mod/github.com/gin-gonic/gin@v1.10.0/context.go:185
github.com/flipped-aurora/gin-vue-admin/server/initialize.Routers.AccessLog.func4
	C:/Users/18089/Desktop/MSTN/msrc-admin/server/middleware/access_log.go:73
github.com/gin-gonic/gin.(*Context).Next
	C:/Users/18089/go/pkg/mod/github.com/gin-gonic/gin@v1.10.0/context.go:185
github.com/flipped-aurora/gin-vue-admin/server/initialize.Routers.GinRecovery.func3
	C:/Users/18089/Desktop/MSTN/msrc-admin/server/middleware/error.go:56
github.com/gin-gonic/gin.(*Context).Next
	C:/Users/18089/go/pkg/mod/github.com/gin-gonic/gin@v1.10.0/context.go:185
github.com/flipped-aurora/gin-vue-admin/server/initialize.Routers.RequestMeta.func2
	C:/Users/18089/Desktop/MSTN/msrc-admin/server/middleware/request_meta.go:39
github.com/gin-gonic/gin.(*Context).Next
	C:/Users/18089/go/pkg/mod/github.com/gin-gonic/gin@v1.10.0/context.go:185
github.com/gin-gonic/gin.(*Engine).handleHTTPRequest
	C:/Users/18089/go/pkg/mod/github.com/gin-gonic/gin@v1.10.0/gin.go:633
github.com/gin-gonic/gin.(*Engine).ServeHTTP
	C:/Users/18089/go/pkg/mod/github.com/gin-gonic/gin@v1.10.0/gin.go:589
net/http.serverHandler.ServeHTTP
	C:/Program Files/Go/src/net/http/server.go:3340
net/http.(*conn).serve
	C:/Program Files/Go/src/net/http/server.go:2109
[github.com/flipped-aurora/gin-vue-admin/server]2026-08-20 17:12:47.906	[31merror[0m	C:/Users/18089/Desktop/MSTN/msrc-admin/server/middleware/hrc/member_jwt.go:95	member jwt parse failed	{"node": "", "app_id": "", "env": "", "error": "token signature is invalid: signature is invalid"}
github.com/flipped-aurora/gin-vue-admin/server/middleware/hrc.(*MemberJWT).ParseToken
	C:/Users/18089/Desktop/MSTN/msrc-admin/server/middleware/hrc/member_jwt.go:95
github.com/flipped-aurora/gin-vue-admin/server/router/hrc.(*ProfileRouter).InitProfileRouter.MemberAuth.func3
	C:/Users/18089/Desktop/MSTN/msrc-admin/server/middleware/hrc/member_jwt.go:117
github.com/gin-gonic/gin.(*Context).Next
	C:/Users/18089/go/pkg/mod/github.com/gin-gonic/gin@v1.10.0/context.go:185
github.com/flipped-aurora/gin-vue-admin/server/middleware.UploadResponseHeaders.func1
	C:/Users/18089/Desktop/MSTN/msrc-admin/server/middleware/upload_security.go:25
github.com/gin-gonic/gin.(*Context).Next
	C:/Users/18089/go/pkg/mod/github.com/gin-gonic/gin@v1.10.0/context.go:185
github.com/gin-gonic/gin.LoggerWithConfig.func1
	C:/Users/18089/go/pkg/mod/github.com/gin-gonic/gin@v1.10.0/logger.go:249
github.com/gin-gonic/gin.(*Context).Next
	C:/Users/18089/go/pkg/mod/github.com/gin-gonic/gin@v1.10.0/context.go:185
github.com/flipped-aurora/gin-vue-admin/server/initialize.Routers.AccessLog.func4
	C:/Users/18089/Desktop/MSTN/msrc-admin/server/middleware/access_log.go:73
github.com/gin-gonic/gin.(*Context).Next
	C:/Users/18089/go/pkg/mod/github.com/gin-gonic/gin@v1.10.0/context.go:185
github.com/flipped-aurora/gin-vue-admin/server/initialize.Routers.GinRecovery.func3
	C:/Users/18089/Desktop/MSTN/msrc-admin/server/middleware/error.go:56
github.com/gin-gonic/gin.(*Context).Next
	C:/Users/18089/go/pkg/mod/github.com/gin-gonic/gin@v1.10.0/context.go:185
github.com/flipped-aurora/gin-vue-admin/server/initialize.Routers.RequestMeta.func2
	C:/Users/18089/Desktop/MSTN/msrc-admin/server/middleware/request_meta.go:39
github.com/gin-gonic/gin.(*Context).Next
	C:/Users/18089/go/pkg/mod/github.com/gin-gonic/gin@v1.10.0/context.go:185
github.com/gin-gonic/gin.(*Engine).handleHTTPRequest
	C:/Users/18089/go/pkg/mod/github.com/gin-gonic/gin@v1.10.0/gin.go:633
github.com/gin-gonic/gin.(*Engine).ServeHTTP
	C:/Users/18089/go/pkg/mod/github.com/gin-gonic/gin@v1.10.0/gin.go:589
net/http.serverHandler.ServeHTTP
	C:/Program Files/Go/src/net/http/server.go:3340
net/http.(*conn).serve
	C:/Program Files/Go/src/net/http/server.go:2109
[github.com/flipped-aurora/gin-vue-admin/server]2026-08-20 17:57:32.356	[31merror[0m	C:/Users/18089/Desktop/MSTN/msrc-admin/server/middleware/hrc/member_jwt.go:95	member jwt parse failed	{"node": "", "app_id": "", "env": "", "error": "token signature is invalid: signature is invalid"}
github.com/flipped-aurora/gin-vue-admin/server/middleware/hrc.(*MemberJWT).ParseToken
	C:/Users/18089/Desktop/MSTN/msrc-admin/server/middleware/hrc/member_jwt.go:95
github.com/flipped-aurora/gin-vue-admin/server/router/hrc.(*ApplyRouter).InitApplyRouter.MemberAuth.func1
	C:/Users/18089/Desktop/MSTN/msrc-admin/server/middleware/hrc/member_jwt.go:117
github.com/gin-gonic/gin.(*Context).Next
	C:/Users/18089/go/pkg/mod/github.com/gin-gonic/gin@v1.10.0/context.go:185
github.com/flipped-aurora/gin-vue-admin/server/middleware.UploadResponseHeaders.func1
	C:/Users/18089/Desktop/MSTN/msrc-admin/server/middleware/upload_security.go:25
github.com/gin-gonic/gin.(*Context).Next
	C:/Users/18089/go/pkg/mod/github.com/gin-gonic/gin@v1.10.0/context.go:185
github.com/gin-gonic/gin.LoggerWithConfig.func1
	C:/Users/18089/go/pkg/mod/github.com/gin-gonic/gin@v1.10.0/logger.go:249
github.com/gin-gonic/gin.(*Context).Next
	C:/Users/18089/go/pkg/mod/github.com/gin-gonic/gin@v1.10.0/context.go:185
github.com/flipped-aurora/gin-vue-admin/server/initialize.Routers.AccessLog.func4
	C:/Users/18089/Desktop/MSTN/msrc-admin/server/middleware/access_log.go:73
github.com/gin-gonic/gin.(*Context).Next
	C:/Users/18089/go/pkg/mod/github.com/gin-gonic/gin@v1.10.0/context.go:185
github.com/flipped-aurora/gin-vue-admin/server/initialize.Routers.GinRecovery.func3
	C:/Users/18089/Desktop/MSTN/msrc-admin/server/middleware/error.go:56
github.com/gin-gonic/gin.(*Context).Next
	C:/Users/18089/go/pkg/mod/github.com/gin-gonic/gin@v1.10.0/context.go:185
github.com/flipped-aurora/gin-vue-admin/server/initialize.Routers.RequestMeta.func2
	C:/Users/18089/Desktop/MSTN/msrc-admin/server/middleware/request_meta.go:39
github.com/gin-gonic/gin.(*Context).Next
	C:/Users/18089/go/pkg/mod/github.com/gin-gonic/gin@v1.10.0/context.go:185
github.com/gin-gonic/gin.(*Engine).handleHTTPRequest
	C:/Users/18089/go/pkg/mod/github.com/gin-gonic/gin@v1.10.0/gin.go:633
github.com/gin-gonic/gin.(*Engine).ServeHTTP
	C:/Users/18089/go/pkg/mod/github.com/gin-gonic/gin@v1.10.0/gin.go:589
net/http.serverHandler.ServeHTTP
	C:/Program Files/Go/src/net/http/server.go:3340
net/http.(*conn).serve
	C:/Program Files/Go/src/net/http/server.go:2109
[github.com/flipped-aurora/gin-vue-admin/server]2026-08-20 17:57:33.112	[31merror[0m	C:/Users/18089/Desktop/MSTN/msrc-admin/server/middleware/hrc/member_jwt.go:95	member jwt parse failed	{"node": "", "app_id": "", "env": "", "error": "token signature is invalid: signature is invalid"}
github.com/flipped-aurora/gin-vue-admin/server/middleware/hrc.(*MemberJWT).ParseToken
	C:/Users/18089/Desktop/MSTN/msrc-admin/server/middleware/hrc/member_jwt.go:95
github.com/flipped-aurora/gin-vue-admin/server/router/hrc.(*ProfileRouter).InitProfileRouter.MemberAuth.func3
	C:/Users/18089/Desktop/MSTN/msrc-admin/server/middleware/hrc/member_jwt.go:117
github.com/gin-gonic/gin.(*Context).Next
	C:/Users/18089/go/pkg/mod/github.com/gin-gonic/gin@v1.10.0/context.go:185
github.com/flipped-aurora/gin-vue-admin/server/middleware.UploadResponseHeaders.func1
	C:/Users/18089/Desktop/MSTN/msrc-admin/server/middleware/upload_security.go:25
github.com/gin-gonic/gin.(*Context).Next
	C:/Users/18089/go/pkg/mod/github.com/gin-gonic/gin@v1.10.0/context.go:185
github.com/gin-gonic/gin.LoggerWithConfig.func1
	C:/Users/18089/go/pkg/mod/github.com/gin-gonic/gin@v1.10.0/logger.go:249
github.com/gin-gonic/gin.(*Context).Next
	C:/Users/18089/go/pkg/mod/github.com/gin-gonic/gin@v1.10.0/context.go:185
github.com/flipped-aurora/gin-vue-admin/server/initialize.Routers.AccessLog.func4
	C:/Users/18089/Desktop/MSTN/msrc-admin/server/middleware/access_log.go:73
github.com/gin-gonic/gin.(*Context).Next
	C:/Users/18089/go/pkg/mod/github.com/gin-gonic/gin@v1.10.0/context.go:185
github.com/flipped-aurora/gin-vue-admin/server/initialize.Routers.GinRecovery.func3
	C:/Users/18089/Desktop/MSTN/msrc-admin/server/middleware/error.go:56
github.com/gin-gonic/gin.(*Context).Next
	C:/Users/18089/go/pkg/mod/github.com/gin-gonic/gin@v1.10.0/context.go:185
github.com/flipped-aurora/gin-vue-admin/server/initialize.Routers.RequestMeta.func2
	C:/Users/18089/Desktop/MSTN/msrc-admin/server/middleware/request_meta.go:39
github.com/gin-gonic/gin.(*Context).Next
	C:/Users/18089/go/pkg/mod/github.com/gin-gonic/gin@v1.10.0/context.go:185
github.com/gin-gonic/gin.(*Engine).handleHTTPRequest
	C:/Users/18089/go/pkg/mod/github.com/gin-gonic/gin@v1.10.0/gin.go:633
github.com/gin-gonic/gin.(*Engine).ServeHTTP
	C:/Users/18089/go/pkg/mod/github.com/gin-gonic/gin@v1.10.0/gin.go:589
net/http.serverHandler.ServeHTTP
	C:/Program Files/Go/src/net/http/server.go:3340
net/http.(*conn).serve
	C:/Program Files/Go/src/net/http/server.go:2109
[github.com/flipped-aurora/gin-vue-admin/server]2026-08-20 18:11:48.557	[31merror[0m	C:/Users/18089/Desktop/MSTN/msrc-admin/server/middleware/hrc/member_jwt.go:95	member jwt parse failed	{"node": "", "app_id": "", "env": "", "error": "token signature is invalid: signature is invalid"}
github.com/flipped-aurora/gin-vue-admin/server/middleware/hrc.(*MemberJWT).ParseToken
	C:/Users/18089/Desktop/MSTN/msrc-admin/server/middleware/hrc/member_jwt.go:95
github.com/flipped-aurora/gin-vue-admin/server/router/hrc.(*ApplyRouter).InitApplyRouter.MemberAuth.func1
	C:/Users/18089/Desktop/MSTN/msrc-admin/server/middleware/hrc/member_jwt.go:117
github.com/gin-gonic/gin.(*Context).Next
	C:/Users/18089/go/pkg/mod/github.com/gin-gonic/gin@v1.10.0/context.go:185
github.com/flipped-aurora/gin-vue-admin/server/middleware.UploadResponseHeaders.func1
	C:/Users/18089/Desktop/MSTN/msrc-admin/server/middleware/upload_security.go:25
github.com/gin-gonic/gin.(*Context).Next
	C:/Users/18089/go/pkg/mod/github.com/gin-gonic/gin@v1.10.0/context.go:185
github.com/gin-gonic/gin.LoggerWithConfig.func1
	C:/Users/18089/go/pkg/mod/github.com/gin-gonic/gin@v1.10.0/logger.go:249
github.com/gin-gonic/gin.(*Context).Next
	C:/Users/18089/go/pkg/mod/github.com/gin-gonic/gin@v1.10.0/context.go:185
github.com/flipped-aurora/gin-vue-admin/server/initialize.Routers.AccessLog.func4
	C:/Users/18089/Desktop/MSTN/msrc-admin/server/middleware/access_log.go:73
github.com/gin-gonic/gin.(*Context).Next
	C:/Users/18089/go/pkg/mod/github.com/gin-gonic/gin@v1.10.0/context.go:185
github.com/flipped-aurora/gin-vue-admin/server/initialize.Routers.GinRecovery.func3
	C:/Users/18089/Desktop/MSTN/msrc-admin/server/middleware/error.go:56
github.com/gin-gonic/gin.(*Context).Next
	C:/Users/18089/go/pkg/mod/github.com/gin-gonic/gin@v1.10.0/context.go:185
github.com/flipped-aurora/gin-vue-admin/server/initialize.Routers.RequestMeta.func2
	C:/Users/18089/Desktop/MSTN/msrc-admin/server/middleware/request_meta.go:39
github.com/gin-gonic/gin.(*Context).Next
	C:/Users/18089/go/pkg/mod/github.com/gin-gonic/gin@v1.10.0/context.go:185
github.com/gin-gonic/gin.(*Engine).handleHTTPRequest
	C:/Users/18089/go/pkg/mod/github.com/gin-gonic/gin@v1.10.0/gin.go:633
github.com/gin-gonic/gin.(*Engine).ServeHTTP
	C:/Users/18089/go/pkg/mod/github.com/gin-gonic/gin@v1.10.0/gin.go:589
net/http.serverHandler.ServeHTTP
	C:/Program Files/Go/src/net/http/server.go:3340
net/http.(*conn).serve
	C:/Program Files/Go/src/net/http/server.go:2109
[github.com/flipped-aurora/gin-vue-admin/server]2026-08-20 18:11:49.306	[31merror[0m	C:/Users/18089/Desktop/MSTN/msrc-admin/server/middleware/hrc/member_jwt.go:95	member jwt parse failed	{"node": "", "app_id": "", "env": "", "error": "token signature is invalid: signature is invalid"}
github.com/flipped-aurora/gin-vue-admin/server/middleware/hrc.(*MemberJWT).ParseToken
	C:/Users/18089/Desktop/MSTN/msrc-admin/server/middleware/hrc/member_jwt.go:95
github.com/flipped-aurora/gin-vue-admin/server/router/hrc.(*ProfileRouter).InitProfileRouter.MemberAuth.func3
	C:/Users/18089/Desktop/MSTN/msrc-admin/server/middleware/hrc/member_jwt.go:117
github.com/gin-gonic/gin.(*Context).Next
	C:/Users/18089/go/pkg/mod/github.com/gin-gonic/gin@v1.10.0/context.go:185
github.com/flipped-aurora/gin-vue-admin/server/middleware.UploadResponseHeaders.func1
	C:/Users/18089/Desktop/MSTN/msrc-admin/server/middleware/upload_security.go:25
github.com/gin-gonic/gin.(*Context).Next
	C:/Users/18089/go/pkg/mod/github.com/gin-gonic/gin@v1.10.0/context.go:185
github.com/gin-gonic/gin.LoggerWithConfig.func1
	C:/Users/18089/go/pkg/mod/github.com/gin-gonic/gin@v1.10.0/logger.go:249
github.com/gin-gonic/gin.(*Context).Next
	C:/Users/18089/go/pkg/mod/github.com/gin-gonic/gin@v1.10.0/context.go:185
github.com/flipped-aurora/gin-vue-admin/server/initialize.Routers.AccessLog.func4
	C:/Users/18089/Desktop/MSTN/msrc-admin/server/middleware/access_log.go:73
github.com/gin-gonic/gin.(*Context).Next
	C:/Users/18089/go/pkg/mod/github.com/gin-gonic/gin@v1.10.0/context.go:185
github.com/flipped-aurora/gin-vue-admin/server/initialize.Routers.GinRecovery.func3
	C:/Users/18089/Desktop/MSTN/msrc-admin/server/middleware/error.go:56
github.com/gin-gonic/gin.(*Context).Next
	C:/Users/18089/go/pkg/mod/github.com/gin-gonic/gin@v1.10.0/context.go:185
github.com/flipped-aurora/gin-vue-admin/server/initialize.Routers.RequestMeta.func2
	C:/Users/18089/Desktop/MSTN/msrc-admin/server/middleware/request_meta.go:39
github.com/gin-gonic/gin.(*Context).Next
	C:/Users/18089/go/pkg/mod/github.com/gin-gonic/gin@v1.10.0/context.go:185
github.com/gin-gonic/gin.(*Engine).handleHTTPRequest
	C:/Users/18089/go/pkg/mod/github.com/gin-gonic/gin@v1.10.0/gin.go:633
github.com/gin-gonic/gin.(*Engine).ServeHTTP
	C:/Users/18089/go/pkg/mod/github.com/gin-gonic/gin@v1.10.0/gin.go:589
net/http.serverHandler.ServeHTTP
	C:/Program Files/Go/src/net/http/server.go:3340
net/http.(*conn).serve
	C:/Program Files/Go/src/net/http/server.go:2109
[github.com/flipped-aurora/gin-vue-admin/server]2026-08-20 18:39:32.701	[31merror[0m	C:/Users/18089/Desktop/MSTN/msrc-admin/server/middleware/hrc/member_jwt.go:95	member jwt parse failed	{"node": "", "app_id": "", "env": "", "error": "token signature is invalid: signature is invalid"}
github.com/flipped-aurora/gin-vue-admin/server/middleware/hrc.(*MemberJWT).ParseToken
	C:/Users/18089/Desktop/MSTN/msrc-admin/server/middleware/hrc/member_jwt.go:95
github.com/flipped-aurora/gin-vue-admin/server/router/hrc.(*ApplyRouter).InitApplyRouter.MemberAuth.func1
	C:/Users/18089/Desktop/MSTN/msrc-admin/server/middleware/hrc/member_jwt.go:117
github.com/gin-gonic/gin.(*Context).Next
	C:/Users/18089/go/pkg/mod/github.com/gin-gonic/gin@v1.10.0/context.go:185
github.com/flipped-aurora/gin-vue-admin/server/middleware.UploadResponseHeaders.func1
	C:/Users/18089/Desktop/MSTN/msrc-admin/server/middleware/upload_security.go:25
github.com/gin-gonic/gin.(*Context).Next
	C:/Users/18089/go/pkg/mod/github.com/gin-gonic/gin@v1.10.0/context.go:185
github.com/gin-gonic/gin.LoggerWithConfig.func1
	C:/Users/18089/go/pkg/mod/github.com/gin-gonic/gin@v1.10.0/logger.go:249
github.com/gin-gonic/gin.(*Context).Next
	C:/Users/18089/go/pkg/mod/github.com/gin-gonic/gin@v1.10.0/context.go:185
github.com/flipped-aurora/gin-vue-admin/server/initialize.Routers.AccessLog.func4
	C:/Users/18089/Desktop/MSTN/msrc-admin/server/middleware/access_log.go:73
github.com/gin-gonic/gin.(*Context).Next
	C:/Users/18089/go/pkg/mod/github.com/gin-gonic/gin@v1.10.0/context.go:185
github.com/flipped-aurora/gin-vue-admin/server/initialize.Routers.GinRecovery.func3
	C:/Users/18089/Desktop/MSTN/msrc-admin/server/middleware/error.go:56
github.com/gin-gonic/gin.(*Context).Next
	C:/Users/18089/go/pkg/mod/github.com/gin-gonic/gin@v1.10.0/context.go:185
github.com/flipped-aurora/gin-vue-admin/server/initialize.Routers.RequestMeta.func2
	C:/Users/18089/Desktop/MSTN/msrc-admin/server/middleware/request_meta.go:39
github.com/gin-gonic/gin.(*Context).Next
	C:/Users/18089/go/pkg/mod/github.com/gin-gonic/gin@v1.10.0/context.go:185
github.com/gin-gonic/gin.(*Engine).handleHTTPRequest
	C:/Users/18089/go/pkg/mod/github.com/gin-gonic/gin@v1.10.0/gin.go:633
github.com/gin-gonic/gin.(*Engine).ServeHTTP
	C:/Users/18089/go/pkg/mod/github.com/gin-gonic/gin@v1.10.0/gin.go:589
net/http.serverHandler.ServeHTTP
	C:/Program Files/Go/src/net/http/server.go:3340
net/http.(*conn).serve
	C:/Program Files/Go/src/net/http/server.go:2109
[github.com/flipped-aurora/gin-vue-admin/server]2026-08-20 18:39:33.455	[31merror[0m	C:/Users/18089/Desktop/MSTN/msrc-admin/server/middleware/hrc/member_jwt.go:95	member jwt parse failed	{"node": "", "app_id": "", "env": "", "error": "token signature is invalid: signature is invalid"}
github.com/flipped-aurora/gin-vue-admin/server/middleware/hrc.(*MemberJWT).ParseToken
	C:/Users/18089/Desktop/MSTN/msrc-admin/server/middleware/hrc/member_jwt.go:95
github.com/flipped-aurora/gin-vue-admin/server/router/hrc.(*ProfileRouter).InitProfileRouter.MemberAuth.func3
	C:/Users/18089/Desktop/MSTN/msrc-admin/server/middleware/hrc/member_jwt.go:117
github.com/gin-gonic/gin.(*Context).Next
	C:/Users/18089/go/pkg/mod/github.com/gin-gonic/gin@v1.10.0/context.go:185
github.com/flipped-aurora/gin-vue-admin/server/middleware.UploadResponseHeaders.func1
	C:/Users/18089/Desktop/MSTN/msrc-admin/server/middleware/upload_security.go:25
github.com/gin-gonic/gin.(*Context).Next
	C:/Users/18089/go/pkg/mod/github.com/gin-gonic/gin@v1.10.0/context.go:185
github.com/gin-gonic/gin.LoggerWithConfig.func1
	C:/Users/18089/go/pkg/mod/github.com/gin-gonic/gin@v1.10.0/logger.go:249
github.com/gin-gonic/gin.(*Context).Next
	C:/Users/18089/go/pkg/mod/github.com/gin-gonic/gin@v1.10.0/context.go:185
github.com/flipped-aurora/gin-vue-admin/server/initialize.Routers.AccessLog.func4
	C:/Users/18089/Desktop/MSTN/msrc-admin/server/middleware/access_log.go:73
github.com/gin-gonic/gin.(*Context).Next
	C:/Users/18089/go/pkg/mod/github.com/gin-gonic/gin@v1.10.0/context.go:185
github.com/flipped-aurora/gin-vue-admin/server/initialize.Routers.GinRecovery.func3
	C:/Users/18089/Desktop/MSTN/msrc-admin/server/middleware/error.go:56
github.com/gin-gonic/gin.(*Context).Next
	C:/Users/18089/go/pkg/mod/github.com/gin-gonic/gin@v1.10.0/context.go:185
github.com/flipped-aurora/gin-vue-admin/server/initialize.Routers.RequestMeta.func2
	C:/Users/18089/Desktop/MSTN/msrc-admin/server/middleware/request_meta.go:39
github.com/gin-gonic/gin.(*Context).Next
	C:/Users/18089/go/pkg/mod/github.com/gin-gonic/gin@v1.10.0/context.go:185
github.com/gin-gonic/gin.(*Engine).handleHTTPRequest
	C:/Users/18089/go/pkg/mod/github.com/gin-gonic/gin@v1.10.0/gin.go:633
github.com/gin-gonic/gin.(*Engine).ServeHTTP
	C:/Users/18089/go/pkg/mod/github.com/gin-gonic/gin@v1.10.0/gin.go:589
net/http.serverHandler.ServeHTTP
	C:/Program Files/Go/src/net/http/server.go:3340
net/http.(*conn).serve
	C:/Program Files/Go/src/net/http/server.go:2109
